originalLocation,position,x,y,z
A-14-11,"368, 0, 1",368,0,1
A-14-12,"352, 0, 1",352,0,1
A-14-13,"336, 0, 1",336,0,1
A-14-21,"368, 0, 2",368,0,2
A-14-22,"352, 0, 2",352,0,2
A-14-23,"336, 0, 2",336,0,2
A-14-30,"352, 0, 3",352,0,3
A-14-40,"352, 0, 4",352,0,4
A-16-11,"318, 0, 1",318,0,1
A-16-12,"302, 0, 1",302,0,1
A-16-13,"286, 0, 1",286,0,1
A-16-21,"318, 0, 2",318,0,2
A-16-22,"302, 0, 2",302,0,2
A-16-23,"286, 0, 2",286,0,2
A-16-30,"302, 0, 3",302,0,3
A-16-40,"302, 0, 4",302,0,4
A-18-11,"268, 0, 1",268,0,1
A-18-12,"252, 0, 1",252,0,1
A-18-13,"236, 0, 1",236,0,1
A-18-21,"268, 0, 2",268,0,2
A-18-22,"252, 0, 2",252,0,2
A-18-23,"236, 0, 2",236,0,2
A-18-30,"252, 0, 3",252,0,3
A-18-40,"252, 0, 4",252,0,4
A-20-11,"218, 0, 1",218,0,1
A-20-12,"202, 0, 1",202,0,1
A-20-13,"186, 0, 1",186,0,1
A-20-21,"218, 0, 2",218,0,2
A-20-22,"202, 0, 2",202,0,2
A-20-23,"186, 0, 2",186,0,2
A-20-30,"202, 0, 3",202,0,3
A-20-40,"202, 0, 4",202,0,4
A-22-11,"168, 0, 1",168,0,1
A-22-12,"152, 0, 1",152,0,1
A-22-13,"136, 0, 1",136,0,1
A-22-21,"168, 0, 2",168,0,2
A-22-22,"152, 0, 2",152,0,2
A-22-23,"136, 0, 2",136,0,2
A-22-30,"152, 0, 3",152,0,3
A-22-40,"152, 0, 4",152,0,4
A-24-11,"118, 0, 1",118,0,1
A-24-12,"102, 0, 1",102,0,1
A-24-13,"86, 0, 1",86,0,1
A-24-21,"118, 0, 2",118,0,2
A-24-22,"102, 0, 2",102,0,2
A-24-23,"86, 0, 2",86,0,2
A-24-30,"102, 0, 3",102,0,3
A-24-40,"102, 0, 4",102,0,4
B-13-11,"368, 32, 1",368,32,1
B-13-12,"352, 32, 1",352,32,1
B-13-13,"336, 32, 1",336,32,1
B-13-21,"368, 32, 2",368,32,2
B-13-22,"352, 32, 2",352,32,2
B-13-23,"336, 32, 2",336,32,2
B-13-30,"352, 32, 3",352,32,3
B-13-40,"352, 32, 4",352,32,4
B-14-11,"368, 90, 1",368,90,1
B-14-12,"352, 90, 1",352,90,1
B-14-13,"336, 90, 1",336,90,1
B-14-21,"368, 90, 2",368,90,2
B-14-22,"352, 90, 2",352,90,2
B-14-23,"336, 90, 2",336,90,2
B-14-30,"352, 90, 3",352,90,3
B-14-40,"352, 90, 4",352,90,4
B-15-11,"318, 32, 1",318,32,1
B-15-12,"302, 32, 1",302,32,1
B-15-13,"286, 32, 1",286,32,1
B-15-21,"318, 32, 2",318,32,2
B-15-22,"302, 32, 2",302,32,2
B-15-23,"286, 32, 2",286,32,2
B-15-30,"302, 32, 3",302,32,3
B-15-40,"302, 32, 4",302,32,4
B-16-11,"318, 90, 1",318,90,1
B-16-12,"302, 90, 1",302,90,1
B-16-13,"286, 90, 1",286,90,1
B-16-21,"318, 90, 2",318,90,2
B-16-22,"302, 90, 2",302,90,2
B-16-23,"286, 90, 2",286,90,2
B-16-30,"302, 90, 3",302,90,3
B-16-40,"302, 90, 4",302,90,4
B-17-11,"268, 32, 1",268,32,1
B-17-12,"252, 32, 1",252,32,1
B-17-13,"236, 32, 1",236,32,1
B-17-21,"268, 32, 2",268,32,2
B-17-22,"252, 32, 2",252,32,2
B-17-23,"236, 32, 2",236,32,2
B-17-30,"252, 32, 3",252,32,3
B-17-40,"252, 32, 4",252,32,4
B-18-11,"268, 90, 1",268,90,1
B-18-12,"252, 90, 1",252,90,1
B-18-13,"236, 90, 1",236,90,1
B-18-21,"268, 90, 2",268,90,2
B-18-22,"252, 90, 2",252,90,2
B-18-23,"236, 90, 2",236,90,2
B-18-30,"252, 90, 3",252,90,3
B-18-40,"252, 90, 4",252,90,4
B-19-11,"218, 32, 1",218,32,1
B-19-12,"202, 32, 1",202,32,1
B-19-13,"186, 32, 1",186,32,1
B-19-21,"218, 32, 2",218,32,2
B-19-22,"202, 32, 2",202,32,2
B-19-23,"186, 32, 2",186,32,2
B-19-30,"202, 32, 3",202,32,3
B-19-40,"202, 32, 4",202,32,4
B-20-11,"218, 90, 1",218,90,1
B-20-12,"202, 90, 1",202,90,1
B-20-13,"186, 90, 1",186,90,1
B-20-21,"218, 90, 2",218,90,2
B-20-22,"202, 90, 2",202,90,2
B-20-23,"186, 90, 2",186,90,2
B-20-30,"202, 90, 3",202,90,3
B-20-40,"202, 90, 4",202,90,4
B-21-11,"168, 32, 1",168,32,1
B-21-12,"152, 32, 1",152,32,1
B-21-13,"136, 32, 1",136,32,1
B-21-21,"168, 32, 2",168,32,2
B-21-22,"152, 32, 2",152,32,2
B-21-23,"136, 32, 2",136,32,2
B-21-30,"152, 32, 3",152,32,3
B-21-40,"152, 32, 4",152,32,4
B-22-11,"168, 90, 1",168,90,1
B-22-12,"152, 90, 1",152,90,1
B-22-13,"136, 90, 1",136,90,1
B-22-21,"168, 90, 2",168,90,2
B-22-22,"152, 90, 2",152,90,2
B-22-23,"136, 90, 2",136,90,2
B-22-30,"152, 90, 3",152,90,3
B-22-40,"152, 90, 4",152,90,4
B-23-11,"118, 32, 1",118,32,1
B-23-12,"102, 32, 1",102,32,1
B-23-13,"86, 32, 1",86,32,1
B-23-21,"118, 32, 2",118,32,2
B-23-22,"102, 32, 2",102,32,2
B-23-23,"86, 32, 2",86,32,2
B-23-30,"102, 32, 3",102,32,3
B-23-40,"102, 32, 4",102,32,4
B-24-11,"118, 90, 1",118,90,1
B-24-12,"102, 90, 1",102,90,1
B-24-13,"86, 90, 1",86,90,1
B-24-21,"118, 90, 2",118,90,2
B-24-22,"102, 90, 2",102,90,2
B-24-23,"86, 90, 2",86,90,2
B-24-30,"102, 90, 3",102,90,3
B-24-40,"102, 90, 4",102,90,4
C-13-11,"368, 122, 1",368,122,1
C-13-12,"352, 122, 1",352,122,1
C-13-13,"336, 122, 1",336,122,1
C-13-21,"368, 122, 2",368,122,2
C-13-22,"352, 122, 2",352,122,2
C-13-23,"336, 122, 2",336,122,2
C-13-30,"352, 122, 3",352,122,3
C-13-40,"352, 122, 4",352,122,4
C-14-11,"368, 180, 1",368,180,1
C-14-12,"352, 180, 1",352,180,1
C-14-13,"336, 180, 1",336,180,1
C-14-21,"368, 180, 2",368,180,2
C-14-22,"352, 180, 2",352,180,2
C-14-23,"336, 180, 2",336,180,2
C-14-30,"352, 180, 3",352,180,3
C-14-40,"352, 180, 4",352,180,4
C-15-11,"318, 122, 1",318,122,1
C-15-12,"302, 122, 1",302,122,1
C-15-13,"286, 122, 1",286,122,1
C-15-21,"318, 122, 2",318,122,2
C-15-22,"302, 122, 2",302,122,2
C-15-23,"286, 122, 2",286,122,2
C-15-30,"302, 122, 3",302,122,3
C-15-40,"302, 122, 4",302,122,4
C-16-11,"318, 180, 1",318,180,1
C-16-12,"302, 180, 1",302,180,1
C-16-13,"286, 180, 1",286,180,1
C-16-21,"318, 180, 2",318,180,2
C-16-22,"302, 180, 2",302,180,2
C-16-23,"286, 180, 2",286,180,2
C-16-30,"302, 180, 3",302,180,3
C-16-40,"302, 180, 4",302,180,4
C-17-11,"268, 122, 1",268,122,1
C-17-12,"252, 122, 1",252,122,1
C-17-13,"236, 122, 1",236,122,1
C-17-21,"268, 122, 2",268,122,2
C-17-22,"252, 122, 2",252,122,2
C-17-23,"236, 122, 2",236,122,2
C-17-30,"252, 122, 3",252,122,3
C-17-40,"252, 122, 4",252,122,4
C-18-11,"268, 180, 1",268,180,1
C-18-12,"252, 180, 1",252,180,1
C-18-13,"236, 180, 1",236,180,1
C-18-21,"268, 180, 2",268,180,2
C-18-22,"252, 180, 2",252,180,2
C-18-23,"236, 180, 2",236,180,2
C-18-30,"252, 180, 3",252,180,3
C-18-40,"252, 180, 4",252,180,4
C-19-11,"218, 122, 1",218,122,1
C-19-12,"202, 122, 1",202,122,1
C-19-13,"186, 122, 1",186,122,1
C-19-21,"218, 122, 2",218,122,2
C-19-22,"202, 122, 2",202,122,2
C-19-23,"186, 122, 2",186,122,2
C-19-30,"202, 122, 3",202,122,3
C-19-40,"202, 122, 4",202,122,4
C-20-11,"218, 180, 1",218,180,1
C-20-12,"202, 180, 1",202,180,1
C-20-13,"186, 180, 1",186,180,1
C-20-21,"218, 180, 2",218,180,2
C-20-22,"202, 180, 2",202,180,2
C-20-23,"186, 180, 2",186,180,2
C-20-30,"202, 180, 3",202,180,3
C-20-40,"202, 180, 4",202,180,4
C-21-11,"168, 122, 1",168,122,1
C-21-12,"152, 122, 1",152,122,1
C-21-13,"136, 122, 1",136,122,1
C-21-21,"168, 122, 2",168,122,2
C-21-22,"152, 122, 2",152,122,2
C-21-23,"136, 122, 2",136,122,2
C-21-30,"152, 122, 3",152,122,3
C-21-40,"152, 122, 4",152,122,4
C-22-11,"168, 180, 1",168,180,1
C-22-12,"152, 180, 1",152,180,1
C-22-13,"136, 180, 1",136,180,1
C-22-21,"168, 180, 2",168,180,2
C-22-22,"152, 180, 2",152,180,2
C-22-23,"136, 180, 2",136,180,2
C-22-30,"152, 180, 3",152,180,3
C-22-40,"152, 180, 4",152,180,4
C-23-11,"118, 122, 1",118,122,1
C-23-12,"102, 122, 1",102,122,1
C-23-13,"86, 122, 1",86,122,1
C-23-21,"118, 122, 2",118,122,2
C-23-22,"102, 122, 2",102,122,2
C-23-23,"86, 122, 2",86,122,2
C-23-30,"102, 122, 3",102,122,3
C-23-40,"102, 122, 4",102,122,4
C-24-11,"118, 180, 1",118,180,1
C-24-12,"102, 180, 1",102,180,1
C-24-13,"86, 180, 1",86,180,1
C-24-21,"118, 180, 2",118,180,2
C-24-22,"102, 180, 2",102,180,2
C-24-23,"86, 180, 2",86,180,2
C-24-30,"102, 180, 3",102,180,3
C-24-40,"102, 180, 4",102,180,4
D-13-11,"368, 212, 1",368,212,1
D-13-12,"352, 212, 1",352,212,1
D-13-13,"336, 212, 1",336,212,1
D-13-21,"368, 212, 2",368,212,2
D-13-22,"352, 212, 2",352,212,2
D-13-23,"336, 212, 2",336,212,2
D-13-30,"352, 212, 3",352,212,3
D-13-40,"352, 212, 4",352,212,4
D-14-11,"368, 270, 1",368,270,1
D-14-12,"352, 270, 1",352,270,1
D-14-13,"336, 270, 1",336,270,1
D-14-21,"368, 270, 2",368,270,2
D-14-22,"352, 270, 2",352,270,2
D-14-23,"336, 270, 2",336,270,2
D-14-30,"352, 270, 3",352,270,3
D-14-40,"352, 270, 4",352,270,4
D-15-11,"318, 212, 1",318,212,1
D-15-12,"302, 212, 1",302,212,1
D-15-13,"286, 212, 1",286,212,1
D-15-21,"318, 212, 2",318,212,2
D-15-22,"302, 212, 2",302,212,2
D-15-23,"286, 212, 2",286,212,2
D-15-30,"302, 212, 3",302,212,3
D-15-40,"302, 212, 4",302,212,4
D-16-11,"318, 270, 1",318,270,1
D-16-12,"302, 270, 1",302,270,1
D-16-13,"286, 270, 1",286,270,1
D-16-21,"318, 270, 2",318,270,2
D-16-22,"302, 270, 2",302,270,2
D-16-23,"286, 270, 2",286,270,2
D-16-30,"302, 270, 3",302,270,3
D-16-40,"302, 270, 4",302,270,4
D-17-11,"268, 212, 1",268,212,1
D-17-12,"252, 212, 1",252,212,1
D-17-13,"236, 212, 1",236,212,1
D-17-21,"268, 212, 2",268,212,2
D-17-22,"252, 212, 2",252,212,2
D-17-23,"236, 212, 2",236,212,2
D-17-30,"252, 212, 3",252,212,3
D-17-40,"252, 212, 4",252,212,4
D-18-11,"268, 270, 1",268,270,1
D-18-12,"252, 270, 1",252,270,1
D-18-13,"236, 270, 1",236,270,1
D-18-21,"268, 270, 2",268,270,2
D-18-22,"252, 270, 2",252,270,2
D-18-23,"236, 270, 2",236,270,2
D-18-30,"252, 270, 3",252,270,3
D-18-40,"252, 270, 4",252,270,4
D-19-11,"218, 212, 1",218,212,1
D-19-12,"202, 212, 1",202,212,1
D-19-13,"186, 212, 1",186,212,1
D-19-21,"218, 212, 2",218,212,2
D-19-22,"202, 212, 2",202,212,2
D-19-23,"186, 212, 2",186,212,2
D-19-30,"202, 212, 3",202,212,3
D-19-40,"202, 212, 4",202,212,4
D-20-11,"218, 270, 1",218,270,1
D-20-12,"202, 270, 1",202,270,1
D-20-13,"186, 270, 1",186,270,1
D-20-21,"218, 270, 2",218,270,2
D-20-22,"202, 270, 2",202,270,2
D-20-23,"186, 270, 2",186,270,2
D-20-30,"202, 270, 3",202,270,3
D-20-40,"202, 270, 4",202,270,4
D-21-11,"168, 212, 1",168,212,1
D-21-12,"152, 212, 1",152,212,1
D-21-13,"136, 212, 1",136,212,1
D-21-21,"168, 212, 2",168,212,2
D-21-22,"152, 212, 2",152,212,2
D-21-23,"136, 212, 2",136,212,2
D-21-30,"152, 212, 3",152,212,3
D-21-40,"152, 212, 4",152,212,4
D-22-11,"168, 270, 1",168,270,1
D-22-12,"152, 270, 1",152,270,1
D-22-13,"136, 270, 1",136,270,1
D-22-21,"168, 270, 2",168,270,2
D-22-22,"152, 270, 2",152,270,2
D-22-23,"136, 270, 2",136,270,2
D-22-30,"152, 270, 3",152,270,3
D-22-40,"152, 270, 4",152,270,4
D-23-11,"118, 212, 1",118,212,1
D-23-12,"102, 212, 1",102,212,1
D-23-13,"86, 212, 1",86,212,1
D-23-21,"118, 212, 2",118,212,2
D-23-22,"102, 212, 2",102,212,2
D-23-23,"86, 212, 2",86,212,2
D-23-30,"102, 212, 3",102,212,3
D-23-40,"102, 212, 4",102,212,4
D-24-11,"118, 270, 1",118,270,1
D-24-12,"102, 270, 1",102,270,1
D-24-13,"86, 270, 1",86,270,1
D-24-21,"118, 270, 2",118,270,2
D-24-22,"102, 270, 2",102,270,2
D-24-23,"86, 270, 2",86,270,2
D-24-30,"102, 270, 3",102,270,3
D-24-40,"102, 270, 4",102,270,4
E-13-11,"368, 302, 1",368,302,1
E-13-12,"352, 302, 1",352,302,1
E-13-13,"336, 302, 1",336,302,1
E-13-21,"368, 302, 2",368,302,2
E-13-22,"352, 302, 2",352,302,2
E-13-23,"336, 302, 2",336,302,2
E-13-30,"352, 302, 3",352,302,3
E-13-40,"352, 302, 4",352,302,4
E-14-11,"368, 360, 1",368,360,1
E-14-12,"352, 360, 1",352,360,1
E-14-13,"336, 360, 1",336,360,1
E-14-21,"368, 360, 2",368,360,2
E-14-22,"352, 360, 2",352,360,2
E-14-23,"336, 360, 2",336,360,2
E-14-30,"352, 360, 3",352,360,3
E-14-40,"352, 360, 4",352,360,4
E-15-11,"318, 302, 1",318,302,1
E-15-12,"302, 302, 1",302,302,1
E-15-13,"286, 302, 1",286,302,1
E-15-21,"318, 302, 2",318,302,2
E-15-22,"302, 302, 2",302,302,2
E-15-23,"286, 302, 2",286,302,2
E-15-30,"302, 302, 3",302,302,3
E-15-40,"302, 302, 4",302,302,4
E-16-11,"318, 360, 1",318,360,1
E-16-12,"302, 360, 1",302,360,1
E-16-13,"286, 360, 1",286,360,1
E-16-21,"318, 360, 2",318,360,2
E-16-22,"302, 360, 2",302,360,2
E-16-23,"286, 360, 2",286,360,2
E-16-30,"302, 360, 3",302,360,3
E-16-40,"302, 360, 4",302,360,4
E-17-11,"268, 302, 1",268,302,1
E-17-12,"252, 302, 1",252,302,1
E-17-13,"236, 302, 1",236,302,1
E-17-21,"268, 302, 2",268,302,2
E-17-22,"252, 302, 2",252,302,2
E-17-23,"236, 302, 2",236,302,2
E-17-30,"252, 302, 3",252,302,3
E-17-40,"252, 302, 4",252,302,4
E-18-11,"268, 360, 1",268,360,1
E-18-12,"252, 360, 1",252,360,1
E-18-13,"236, 360, 1",236,360,1
E-18-21,"268, 360, 2",268,360,2
E-18-22,"252, 360, 2",252,360,2
E-18-23,"236, 360, 2",236,360,2
E-18-30,"252, 360, 3",252,360,3
E-18-40,"252, 360, 4",252,360,4
E-19-11,"218, 302, 1",218,302,1
E-19-12,"202, 302, 1",202,302,1
E-19-13,"186, 302, 1",186,302,1
E-19-21,"218, 302, 2",218,302,2
E-19-22,"202, 302, 2",202,302,2
E-19-23,"186, 302, 2",186,302,2
E-19-30,"202, 302, 3",202,302,3
E-19-40,"202, 302, 4",202,302,4
E-20-11,"218, 360, 1",218,360,1
E-20-12,"202, 360, 1",202,360,1
E-20-13,"186, 360, 1",186,360,1
E-20-21,"218, 360, 2",218,360,2
E-20-22,"202, 360, 2",202,360,2
E-20-23,"186, 360, 2",186,360,2
E-20-30,"202, 360, 3",202,360,3
E-20-40,"202, 360, 4",202,360,4
E-21-11,"168, 302, 1",168,302,1
E-21-12,"152, 302, 1",152,302,1
E-21-13,"136, 302, 1",136,302,1
E-21-21,"168, 302, 2",168,302,2
E-21-22,"152, 302, 2",152,302,2
E-21-23,"136, 302, 2",136,302,2
E-21-30,"152, 302, 3",152,302,3
E-21-40,"152, 302, 4",152,302,4
E-22-11,"168, 360, 1",168,360,1
E-22-12,"152, 360, 1",152,360,1
E-22-13,"136, 360, 1",136,360,1
E-22-21,"168, 360, 2",168,360,2
E-22-22,"152, 360, 2",152,360,2
E-22-23,"136, 360, 2",136,360,2
E-22-30,"152, 360, 3",152,360,3
E-22-40,"152, 360, 4",152,360,4
E-23-11,"118, 302, 1",118,302,1
E-23-12,"102, 302, 1",102,302,1
E-23-13,"86, 302, 1",86,302,1
E-23-21,"118, 302, 2",118,302,2
E-23-22,"102, 302, 2",102,302,2
E-23-23,"86, 302, 2",86,302,2
E-23-30,"102, 302, 3",102,302,3
E-23-40,"102, 302, 4",102,302,4
E-24-11,"118, 360, 1",118,360,1
E-24-12,"102, 360, 1",102,360,1
E-24-13,"86, 360, 1",86,360,1
E-24-21,"118, 360, 2",118,360,2
E-24-22,"102, 360, 2",102,360,2
E-24-23,"86, 360, 2",86,360,2
E-24-30,"102, 360, 3",102,360,3
E-24-40,"102, 360, 4",102,360,4
E-25-30,"403, 688, 3",403,688,3
E-25-40,"403, 688, 4",403,688,4
E-26-30,"403, 720, 3",403,720,3
E-26-40,"403, 720, 4",403,720,4
F-13-11,"368, 392, 1",368,392,1
F-13-12,"352, 392, 1",352,392,1
F-13-13,"336, 392, 1",336,392,1
F-13-21,"368, 392, 2",368,392,2
F-13-22,"352, 392, 2",352,392,2
F-13-23,"336, 392, 2",336,392,2
F-13-30,"352, 392, 3",352,392,3
F-13-40,"352, 392, 4",352,392,4
F-14-11,"368, 450, 1",368,450,1
F-14-12,"352, 450, 1",352,450,1
F-14-13,"336, 450, 1",336,450,1
F-14-21,"368, 450, 2",368,450,2
F-14-22,"352, 450, 2",352,450,2
F-14-23,"336, 450, 2",336,450,2
F-14-30,"352, 450, 3",352,450,3
F-14-40,"352, 450, 4",352,450,4
F-15-11,"318, 392, 1",318,392,1
F-15-12,"302, 392, 1",302,392,1
F-15-13,"286, 392, 1",286,392,1
F-15-21,"318, 392, 2",318,392,2
F-15-22,"302, 392, 2",302,392,2
F-15-23,"286, 392, 2",286,392,2
F-15-30,"302, 392, 3",302,392,3
F-15-40,"302, 392, 4",302,392,4
F-16-11,"318, 450, 1",318,450,1
F-16-12,"302, 450, 1",302,450,1
F-16-13,"286, 450, 1",286,450,1
F-16-21,"318, 450, 2",318,450,2
F-16-22,"302, 450, 2",302,450,2
F-16-23,"286, 450, 2",286,450,2
F-16-30,"302, 450, 3",302,450,3
F-16-40,"302, 450, 4",302,450,4
F-17-11,"268, 392, 1",268,392,1
F-17-12,"252, 392, 1",252,392,1
F-17-13,"236, 392, 1",236,392,1
F-17-21,"268, 392, 2",268,392,2
F-17-22,"252, 392, 2",252,392,2
F-17-23,"236, 392, 2",236,392,2
F-17-30,"252, 392, 3",252,392,3
F-17-40,"252, 392, 4",252,392,4
F-18-11,"268, 450, 1",268,450,1
F-18-12,"252, 450, 1",252,450,1
F-18-13,"236, 450, 1",236,450,1
F-18-21,"268, 450, 2",268,450,2
F-18-22,"252, 450, 2",252,450,2
F-18-23,"236, 450, 2",236,450,2
F-18-30,"252, 450, 3",252,450,3
F-18-40,"252, 450, 4",252,450,4
F-19-11,"218, 392, 1",218,392,1
F-19-12,"202, 392, 1",202,392,1
F-19-13,"186, 392, 1",186,392,1
F-19-21,"218, 392, 2",218,392,2
F-19-22,"202, 392, 2",202,392,2
F-19-23,"186, 392, 2",186,392,2
F-19-30,"202, 392, 3",202,392,3
F-19-40,"202, 392, 4",202,392,4
F-20-11,"218, 450, 1",218,450,1
F-20-12,"202, 450, 1",202,450,1
F-20-13,"186, 450, 1",186,450,1
F-20-21,"218, 450, 2",218,450,2
F-20-22,"202, 450, 2",202,450,2
F-20-23,"186, 450, 2",186,450,2
F-20-30,"202, 450, 3",202,450,3
F-20-40,"202, 450, 4",202,450,4
F-21-11,"168, 392, 1",168,392,1
F-21-12,"152, 392, 1",152,392,1
F-21-13,"136, 392, 1",136,392,1
F-21-21,"168, 392, 2",168,392,2
F-21-22,"152, 392, 2",152,392,2
F-21-23,"136, 392, 2",136,392,2
F-21-30,"152, 392, 3",152,392,3
F-21-40,"152, 392, 4",152,392,4
F-22-11,"168, 450, 1",168,450,1
F-22-12,"152, 450, 1",152,450,1
F-22-13,"136, 450, 1",136,450,1
F-22-21,"168, 450, 2",168,450,2
F-22-22,"152, 450, 2",152,450,2
F-22-23,"136, 450, 2",136,450,2
F-22-30,"152, 450, 3",152,450,3
F-22-40,"152, 450, 4",152,450,4
F-23-11,"118, 392, 1",118,392,1
F-23-12,"102, 392, 1",102,392,1
F-23-13,"86, 392, 1",86,392,1
F-23-21,"118, 392, 2",118,392,2
F-23-22,"102, 392, 2",102,392,2
F-23-23,"86, 392, 2",86,392,2
F-23-30,"102, 392, 3",102,392,3
F-23-40,"102, 392, 4",102,392,4
F-24-11,"118, 450, 1",118,450,1
F-24-12,"102, 450, 1",102,450,1
F-24-13,"86, 450, 1",86,450,1
F-24-21,"118, 450, 2",118,450,2
F-24-22,"102, 450, 2",102,450,2
F-24-23,"86, 450, 2",86,450,2
F-24-30,"102, 450, 3",102,450,3
F-24-40,"102, 450, 4",102,450,4
G-13-11,"368, 482, 1",368,482,1
G-13-12,"352, 482, 1",352,482,1
G-13-13,"336, 482, 1",336,482,1
G-13-21,"368, 482, 2",368,482,2
G-13-22,"352, 482, 2",352,482,2
G-13-23,"336, 482, 2",336,482,2
G-13-30,"352, 482, 3",352,482,3
G-13-40,"352, 482, 4",352,482,4
G-15-11,"318, 482, 1",318,482,1
G-15-12,"302, 482, 1",302,482,1
G-15-13,"286, 482, 1",286,482,1
G-15-21,"318, 482, 2",318,482,2
G-15-22,"302, 482, 2",302,482,2
G-15-23,"286, 482, 2",286,482,2
G-15-30,"302, 482, 3",302,482,3
G-15-40,"302, 482, 4",302,482,4
G-17-11,"268, 482, 1",268,482,1
G-17-12,"252, 482, 1",252,482,1
G-17-13,"236, 482, 1",236,482,1
G-17-21,"268, 482, 2",268,482,2
G-17-22,"252, 482, 2",252,482,2
G-17-23,"236, 482, 2",236,482,2
G-17-30,"252, 482, 3",252,482,3
G-17-40,"252, 482, 4",252,482,4
G-19-11,"218, 482, 1",218,482,1
G-19-12,"202, 482, 1",202,482,1
G-19-13,"186, 482, 1",186,482,1
G-19-21,"218, 482, 2",218,482,2
G-19-22,"202, 482, 2",202,482,2
G-19-23,"186, 482, 2",186,482,2
G-19-30,"202, 482, 3",202,482,3
G-19-40,"202, 482, 4",202,482,4
G-21-11,"168, 482, 1",168,482,1
G-21-12,"152, 482, 1",152,482,1
G-21-13,"136, 482, 1",136,482,1
G-21-21,"168, 482, 2",168,482,2
G-21-22,"152, 482, 2",152,482,2
G-21-23,"136, 482, 2",136,482,2
G-21-30,"152, 482, 3",152,482,3
G-21-40,"152, 482, 4",152,482,4
G-23-11,"118, 482, 1",118,482,1
G-23-12,"102, 482, 1",102,482,1
G-23-13,"86, 482, 1",86,482,1
G-23-21,"118, 482, 2",118,482,2
G-23-22,"102, 482, 2",102,482,2
G-23-23,"86, 482, 2",86,482,2
G-23-30,"102, 482, 3",102,482,3
G-23-40,"102, 482, 4",102,482,4
G-25-30,"403, 778, 3",403,778,3
G-25-40,"403, 778, 4",403,778,4
G-26-30,"403, 810, 3",403,810,3
G-26-40,"403, 810, 4",403,810,4
H-02-11,"666, 688, 1",666,688,1
H-02-12,"650, 688, 1",650,688,1
H-02-13,"634, 688, 1",634,688,1
H-02-21,"666, 688, 2",666,688,2
H-02-22,"650, 688, 2",650,688,2
H-02-23,"634, 688, 2",634,688,2
H-02-30,"650, 688, 3",650,688,3
H-02-40,"650, 688, 4",650,688,4
H-04-11,"616, 688, 1",616,688,1
H-04-12,"600, 688, 1",600,688,1
H-04-13,"584, 688, 1",584,688,1
H-04-21,"616, 688, 2",616,688,2
H-04-22,"600, 688, 2",600,688,2
H-04-23,"584, 688, 2",584,688,2
H-04-30,"600, 688, 3",600,688,3
H-04-40,"600, 688, 4",600,688,4
H-06-11,"566, 688, 1",566,688,1
H-06-12,"550, 688, 1",550,688,1
H-06-13,"534, 688, 1",534,688,1
H-06-21,"566, 688, 2",566,688,2
H-06-22,"550, 688, 2",550,688,2
H-06-23,"534, 688, 2",534,688,2
H-06-30,"550, 688, 3",550,688,3
H-06-40,"550, 688, 4",550,688,4
H-08-11,"516, 688, 1",516,688,1
H-08-12,"500, 688, 1",500,688,1
H-08-13,"484, 688, 1",484,688,1
H-08-21,"516, 688, 2",516,688,2
H-08-22,"500, 688, 2",500,688,2
H-08-23,"484, 688, 2",484,688,2
H-08-30,"500, 688, 3",500,688,3
H-08-40,"500, 688, 4",500,688,4
H-10-11,"466, 688, 1",466,688,1
H-10-12,"450, 688, 1",450,688,1
H-10-13,"434, 688, 1",434,688,1
H-10-21,"466, 688, 2",466,688,2
H-10-22,"450, 688, 2",450,688,2
H-10-23,"434, 688, 2",434,688,2
H-10-30,"450, 688, 3",450,688,3
H-10-40,"450, 688, 4",450,688,4
H-14-11,"368, 540, 1",368,540,1
H-14-12,"352, 540, 1",352,540,1
H-14-13,"336, 540, 1",336,540,1
H-14-21,"368, 540, 2",368,540,2
H-14-22,"352, 540, 2",352,540,2
H-14-23,"336, 540, 2",336,540,2
H-14-30,"352, 540, 3",352,540,3
H-14-40,"352, 540, 4",352,540,4
H-16-11,"318, 540, 1",318,540,1
H-16-12,"302, 540, 1",302,540,1
H-16-13,"286, 540, 1",286,540,1
H-16-21,"318, 540, 2",318,540,2
H-16-22,"302, 540, 2",302,540,2
H-16-23,"286, 540, 2",286,540,2
H-16-30,"302, 540, 3",302,540,3
H-16-40,"302, 540, 4",302,540,4
H-18-11,"268, 540, 1",268,540,1
H-18-12,"252, 540, 1",252,540,1
H-18-13,"236, 540, 1",236,540,1
H-18-21,"268, 540, 2",268,540,2
H-18-22,"252, 540, 2",252,540,2
H-18-23,"236, 540, 2",236,540,2
H-18-30,"252, 540, 3",252,540,3
H-18-40,"252, 540, 4",252,540,4
H-20-11,"218, 540, 1",218,540,1
H-20-12,"202, 540, 1",202,540,1
H-20-13,"186, 540, 1",186,540,1
H-20-21,"218, 540, 2",218,540,2
H-20-22,"202, 540, 2",202,540,2
H-20-23,"186, 540, 2",186,540,2
H-20-30,"202, 540, 3",202,540,3
H-20-40,"202, 540, 4",202,540,4
H-22-11,"168, 540, 1",168,540,1
H-22-12,"152, 540, 1",152,540,1
H-22-13,"136, 540, 1",136,540,1
H-22-21,"168, 540, 2",168,540,2
H-22-22,"152, 540, 2",152,540,2
H-22-23,"136, 540, 2",136,540,2
H-22-30,"152, 540, 3",152,540,3
H-22-40,"152, 540, 4",152,540,4
H-24-11,"118, 540, 1",118,540,1
H-24-12,"102, 540, 1",102,540,1
H-24-13,"86, 540, 1",86,540,1
H-24-21,"118, 540, 2",118,540,2
H-24-22,"102, 540, 2",102,540,2
H-24-23,"86, 540, 2",86,540,2
H-24-30,"102, 540, 3",102,540,3
H-24-40,"102, 540, 4",102,540,4
I-01-11,"666, 720, 1",666,720,1
I-01-12,"650, 720, 1",650,720,1
I-01-13,"634, 720, 1",634,720,1
I-01-21,"666, 720, 2",666,720,2
I-01-22,"650, 720, 2",650,720,2
I-01-23,"634, 720, 2",634,720,2
I-01-30,"650, 720, 3",650,720,3
I-01-40,"650, 720, 4",650,720,4
I-02-11,"666, 778, 1",666,778,1
I-02-12,"650, 778, 1",650,778,1
I-02-13,"634, 778, 1",634,778,1
I-02-21,"666, 778, 2",666,778,2
I-02-22,"650, 778, 2",650,778,2
I-02-23,"634, 778, 2",634,778,2
I-02-30,"650, 778, 3",650,778,3
I-02-40,"650, 778, 4",650,778,4
I-03-11,"616, 720, 1",616,720,1
I-03-12,"600, 720, 1",600,720,1
I-03-13,"584, 720, 1",584,720,1
I-03-21,"616, 720, 2",616,720,2
I-03-22,"600, 720, 2",600,720,2
I-03-23,"584, 720, 2",584,720,2
I-03-30,"600, 720, 3",600,720,3
I-03-40,"600, 720, 4",600,720,4
I-04-11,"616, 778, 1",616,778,1
I-04-12,"600, 778, 1",600,778,1
I-04-13,"584, 778, 1",584,778,1
I-04-21,"616, 778, 2",616,778,2
I-04-22,"600, 778, 2",600,778,2
I-04-23,"584, 778, 2",584,778,2
I-04-30,"600, 778, 3",600,778,3
I-04-40,"600, 778, 4",600,778,4
I-05-11,"566, 720, 1",566,720,1
I-05-12,"550, 720, 1",550,720,1
I-05-13,"534, 720, 1",534,720,1
I-05-21,"566, 720, 2",566,720,2
I-05-22,"550, 720, 2",550,720,2
I-05-23,"534, 720, 2",534,720,2
I-05-30,"550, 720, 3",550,720,3
I-05-40,"550, 720, 4",550,720,4
I-06-11,"566, 778, 1",566,778,1
I-06-12,"550, 778, 1",550,778,1
I-06-13,"534, 778, 1",534,778,1
I-06-21,"566, 778, 2",566,778,2
I-06-22,"550, 778, 2",550,778,2
I-06-23,"534, 778, 2",534,778,2
I-06-30,"550, 778, 3",550,778,3
I-06-40,"550, 778, 4",550,778,4
I-07-11,"516, 720, 1",516,720,1
I-07-12,"500, 720, 1",500,720,1
I-07-13,"484, 720, 1",484,720,1
I-07-21,"516, 720, 2",516,720,2
I-07-22,"500, 720, 2",500,720,2
I-07-23,"484, 720, 2",484,720,2
I-07-30,"500, 720, 3",500,720,3
I-07-40,"500, 720, 4",500,720,4
I-08-11,"516, 778, 1",516,778,1
I-08-12,"500, 778, 1",500,778,1
I-08-13,"484, 778, 1",484,778,1
I-08-21,"516, 778, 2",516,778,2
I-08-22,"500, 778, 2",500,778,2
I-08-23,"484, 778, 2",484,778,2
I-08-30,"500, 778, 3",500,778,3
I-08-40,"500, 778, 4",500,778,4
I-09-11,"466, 720, 1",466,720,1
I-09-12,"450, 720, 1",450,720,1
I-09-13,"434, 720, 1",434,720,1
I-09-21,"466, 720, 2",466,720,2
I-09-22,"450, 720, 2",450,720,2
I-09-23,"434, 720, 2",434,720,2
I-09-30,"450, 720, 3",450,720,3
I-09-40,"450, 720, 4",450,720,4
I-10-11,"466, 778, 1",466,778,1
I-10-12,"450, 778, 1",450,778,1
I-10-13,"434, 778, 1",434,778,1
I-10-21,"466, 778, 2",466,778,2
I-10-22,"450, 778, 2",450,778,2
I-10-23,"434, 778, 2",434,778,2
I-10-30,"450, 778, 3",450,778,3
I-10-40,"450, 778, 4",450,778,4
I-13-11,"368, 572, 1",368,572,1
I-13-12,"352, 572, 1",352,572,1
I-13-13,"336, 572, 1",336,572,1
I-13-21,"368, 572, 2",368,572,2
I-13-22,"352, 572, 2",352,572,2
I-13-23,"336, 572, 2",336,572,2
I-13-30,"352, 572, 3",352,572,3
I-13-40,"352, 572, 4",352,572,4
I-14-11,"368, 688, 1",368,688,1
I-14-12,"352, 688, 1",352,688,1
I-14-13,"336, 688, 1",336,688,1
I-14-21,"368, 688, 2",368,688,2
I-14-22,"352, 688, 2",352,688,2
I-14-23,"336, 688, 2",336,688,2
I-14-30,"352, 688, 3",352,688,3
I-14-40,"352, 688, 4",352,688,4
I-15-11,"318, 572, 1",318,572,1
I-15-12,"302, 572, 1",302,572,1
I-15-13,"286, 572, 1",286,572,1
I-15-21,"318, 572, 2",318,572,2
I-15-22,"302, 572, 2",302,572,2
I-15-23,"286, 572, 2",286,572,2
I-15-30,"302, 572, 3",302,572,3
I-15-40,"302, 572, 4",302,572,4
I-16-11,"318, 688, 1",318,688,1
I-16-12,"302, 688, 1",302,688,1
I-16-13,"286, 688, 1",286,688,1
I-16-21,"318, 688, 2",318,688,2
I-16-22,"302, 688, 2",302,688,2
I-16-23,"286, 688, 2",286,688,2
I-16-30,"302, 688, 3",302,688,3
I-16-40,"302, 688, 4",302,688,4
I-17-11,"268, 572, 1",268,572,1
I-17-12,"252, 572, 1",252,572,1
I-17-13,"236, 572, 1",236,572,1
I-17-21,"268, 572, 2",268,572,2
I-17-22,"252, 572, 2",252,572,2
I-17-23,"236, 572, 2",236,572,2
I-17-30,"252, 572, 3",252,572,3
I-17-40,"252, 572, 4",252,572,4
I-18-11,"268, 688, 1",268,688,1
I-18-12,"252, 688, 1",252,688,1
I-18-13,"236, 688, 1",236,688,1
I-18-21,"268, 688, 2",268,688,2
I-18-22,"252, 688, 2",252,688,2
I-18-23,"236, 688, 2",236,688,2
I-18-30,"252, 688, 3",252,688,3
I-18-40,"252, 688, 4",252,688,4
I-19-11,"218, 572, 1",218,572,1
I-19-12,"202, 572, 1",202,572,1
I-19-13,"186, 572, 1",186,572,1
I-19-21,"218, 572, 2",218,572,2
I-19-22,"202, 572, 2",202,572,2
I-19-23,"186, 572, 2",186,572,2
I-19-30,"202, 572, 3",202,572,3
I-19-40,"202, 572, 4",202,572,4
I-20-11,"218, 688, 1",218,688,1
I-20-12,"202, 688, 1",202,688,1
I-20-13,"186, 688, 1",186,688,1
I-20-21,"218, 688, 2",218,688,2
I-20-22,"202, 688, 2",202,688,2
I-20-23,"186, 688, 2",186,688,2
I-20-30,"202, 688, 3",202,688,3
I-20-40,"202, 688, 4",202,688,4
I-21-11,"168, 572, 1",168,572,1
I-21-12,"152, 572, 1",152,572,1
I-21-13,"136, 572, 1",136,572,1
I-21-21,"168, 572, 2",168,572,2
I-21-22,"152, 572, 2",152,572,2
I-21-23,"136, 572, 2",136,572,2
I-21-30,"152, 572, 3",152,572,3
I-21-40,"152, 572, 4",152,572,4
I-22-11,"168, 688, 1",168,688,1
I-22-12,"152, 688, 1",152,688,1
I-22-13,"136, 688, 1",136,688,1
I-22-21,"168, 688, 2",168,688,2
I-22-22,"152, 688, 2",152,688,2
I-22-23,"136, 688, 2",136,688,2
I-22-30,"152, 688, 3",152,688,3
I-22-40,"152, 688, 4",152,688,4
I-23-11,"118, 572, 1",118,572,1
I-23-12,"102, 572, 1",102,572,1
I-23-13,"86, 572, 1",86,572,1
I-23-21,"118, 572, 2",118,572,2
I-23-22,"102, 572, 2",102,572,2
I-23-23,"86, 572, 2",86,572,2
I-23-30,"102, 572, 3",102,572,3
I-23-40,"102, 572, 4",102,572,4
I-24-11,"118, 688, 1",118,688,1
I-24-12,"102, 688, 1",102,688,1
I-24-13,"86, 688, 1",86,688,1
I-24-21,"118, 688, 2",118,688,2
I-24-22,"102, 688, 2",102,688,2
I-24-23,"86, 688, 2",86,688,2
I-24-30,"102, 688, 3",102,688,3
I-24-40,"102, 688, 4",102,688,4
J-01-11,"666, 810, 1",666,810,1
J-01-12,"650, 810, 1",650,810,1
J-01-13,"634, 810, 1",634,810,1
J-01-21,"666, 810, 2",666,810,2
J-01-22,"650, 810, 2",650,810,2
J-01-23,"634, 810, 2",634,810,2
J-01-30,"650, 810, 3",650,810,3
J-01-40,"650, 810, 4",650,810,4
J-02-11,"666, 868, 1",666,868,1
J-02-12,"650, 868, 1",650,868,1
J-02-13,"634, 868, 1",634,868,1
J-02-21,"666, 868, 2",666,868,2
J-02-22,"650, 868, 2",650,868,2
J-02-23,"634, 868, 2",634,868,2
J-02-30,"650, 868, 3",650,868,3
J-02-40,"650, 868, 4",650,868,4
J-03-11,"616, 810, 1",616,810,1
J-03-12,"600, 810, 1",600,810,1
J-03-13,"584, 810, 1",584,810,1
J-03-21,"616, 810, 2",616,810,2
J-03-22,"600, 810, 2",600,810,2
J-03-23,"584, 810, 2",584,810,2
J-03-30,"600, 810, 3",600,810,3
J-03-40,"600, 810, 4",600,810,4
J-04-11,"616, 868, 1",616,868,1
J-04-12,"600, 868, 1",600,868,1
J-04-13,"584, 868, 1",584,868,1
J-04-21,"616, 868, 2",616,868,2
J-04-22,"600, 868, 2",600,868,2
J-04-23,"584, 868, 2",584,868,2
J-04-30,"600, 868, 3",600,868,3
J-04-40,"600, 868, 4",600,868,4
J-05-11,"566, 810, 1",566,810,1
J-05-12,"550, 810, 1",550,810,1
J-05-13,"534, 810, 1",534,810,1
J-05-21,"566, 810, 2",566,810,2
J-05-22,"550, 810, 2",550,810,2
J-05-23,"534, 810, 2",534,810,2
J-05-30,"550, 810, 3",550,810,3
J-05-40,"550, 810, 4",550,810,4
J-06-11,"566, 868, 1",566,868,1
J-06-12,"550, 868, 1",550,868,1
J-06-13,"534, 868, 1",534,868,1
J-06-21,"566, 868, 2",566,868,2
J-06-22,"550, 868, 2",550,868,2
J-06-23,"534, 868, 2",534,868,2
J-06-30,"550, 868, 3",550,868,3
J-06-40,"550, 868, 4",550,868,4
J-07-11,"516, 810, 1",516,810,1
J-07-12,"500, 810, 1",500,810,1
J-07-13,"484, 810, 1",484,810,1
J-07-21,"516, 810, 2",516,810,2
J-07-22,"500, 810, 2",500,810,2
J-07-23,"484, 810, 2",484,810,2
J-07-30,"500, 810, 3",500,810,3
J-07-40,"500, 810, 4",500,810,4
J-08-11,"516, 868, 1",516,868,1
J-08-12,"500, 868, 1",500,868,1
J-08-13,"484, 868, 1",484,868,1
J-08-21,"516, 868, 2",516,868,2
J-08-22,"500, 868, 2",500,868,2
J-08-23,"484, 868, 2",484,868,2
J-08-30,"500, 868, 3",500,868,3
J-08-40,"500, 868, 4",500,868,4
J-09-11,"466, 810, 1",466,810,1
J-09-12,"450, 810, 1",450,810,1
J-09-13,"434, 810, 1",434,810,1
J-09-21,"466, 810, 2",466,810,2
J-09-22,"450, 810, 2",450,810,2
J-09-23,"434, 810, 2",434,810,2
J-09-30,"450, 810, 3",450,810,3
J-09-40,"450, 810, 4",450,810,4
J-10-11,"466, 868, 1",466,868,1
J-10-12,"450, 868, 1",450,868,1
J-10-13,"434, 868, 1",434,868,1
J-10-21,"466, 868, 2",466,868,2
J-10-22,"450, 868, 2",450,868,2
J-10-23,"434, 868, 2",434,868,2
J-10-30,"450, 868, 3",450,868,3
J-10-40,"450, 868, 4",450,868,4
J-13-11,"368, 720, 1",368,720,1
J-13-12,"352, 720, 1",352,720,1
J-13-13,"336, 720, 1",336,720,1
J-13-21,"368, 720, 2",368,720,2
J-13-22,"352, 720, 2",352,720,2
J-13-23,"336, 720, 2",336,720,2
J-13-30,"352, 720, 3",352,720,3
J-13-40,"352, 720, 4",352,720,4
J-14-11,"368, 778, 1",368,778,1
J-14-12,"352, 778, 1",352,778,1
J-14-13,"336, 778, 1",336,778,1
J-14-21,"368, 778, 2",368,778,2
J-14-22,"352, 778, 2",352,778,2
J-14-23,"336, 778, 2",336,778,2
J-14-30,"352, 778, 3",352,778,3
J-14-40,"352, 778, 4",352,778,4
J-15-11,"318, 720, 1",318,720,1
J-15-12,"302, 720, 1",302,720,1
J-15-13,"286, 720, 1",286,720,1
J-15-21,"318, 720, 2",318,720,2
J-15-22,"302, 720, 2",302,720,2
J-15-23,"286, 720, 2",286,720,2
J-15-30,"302, 720, 3",302,720,3
J-15-40,"302, 720, 4",302,720,4
J-16-11,"318, 778, 1",318,778,1
J-16-12,"302, 778, 1",302,778,1
J-16-13,"286, 778, 1",286,778,1
J-16-21,"318, 778, 2",318,778,2
J-16-22,"302, 778, 2",302,778,2
J-16-23,"286, 778, 2",286,778,2
J-16-30,"302, 778, 3",302,778,3
J-16-40,"302, 778, 4",302,778,4
J-17-11,"268, 720, 1",268,720,1
J-17-12,"252, 720, 1",252,720,1
J-17-13,"236, 720, 1",236,720,1
J-17-21,"268, 720, 2",268,720,2
J-17-22,"252, 720, 2",252,720,2
J-17-23,"236, 720, 2",236,720,2
J-17-30,"252, 720, 3",252,720,3
J-17-40,"252, 720, 4",252,720,4
J-18-11,"268, 778, 1",268,778,1
J-18-12,"252, 778, 1",252,778,1
J-18-13,"236, 778, 1",236,778,1
J-18-21,"268, 778, 2",268,778,2
J-18-22,"252, 778, 2",252,778,2
J-18-23,"236, 778, 2",236,778,2
J-18-30,"252, 778, 3",252,778,3
J-18-40,"252, 778, 4",252,778,4
J-19-11,"218, 720, 1",218,720,1
J-19-12,"202, 720, 1",202,720,1
J-19-13,"186, 720, 1",186,720,1
J-19-21,"218, 720, 2",218,720,2
J-19-22,"202, 720, 2",202,720,2
J-19-23,"186, 720, 2",186,720,2
J-19-30,"202, 720, 3",202,720,3
J-19-40,"202, 720, 4",202,720,4
J-20-11,"218, 778, 1",218,778,1
J-20-12,"202, 778, 1",202,778,1
J-20-13,"186, 778, 1",186,778,1
J-20-21,"218, 778, 2",218,778,2
J-20-22,"202, 778, 2",202,778,2
J-20-23,"186, 778, 2",186,778,2
J-20-30,"202, 778, 3",202,778,3
J-20-40,"202, 778, 4",202,778,4
J-21-11,"168, 720, 1",168,720,1
J-21-12,"152, 720, 1",152,720,1
J-21-13,"136, 720, 1",136,720,1
J-21-21,"168, 720, 2",168,720,2
J-21-22,"152, 720, 2",152,720,2
J-21-23,"136, 720, 2",136,720,2
J-21-30,"152, 720, 3",152,720,3
J-21-40,"152, 720, 4",152,720,4
J-22-11,"168, 778, 1",168,778,1
J-22-12,"152, 778, 1",152,778,1
J-22-13,"136, 778, 1",136,778,1
J-22-21,"168, 778, 2",168,778,2
J-22-22,"152, 778, 2",152,778,2
J-22-23,"136, 778, 2",136,778,2
J-22-30,"152, 778, 3",152,778,3
J-22-40,"152, 778, 4",152,778,4
J-23-11,"118, 720, 1",118,720,1
J-23-12,"102, 720, 1",102,720,1
J-23-13,"86, 720, 1",86,720,1
J-23-21,"118, 720, 2",118,720,2
J-23-22,"102, 720, 2",102,720,2
J-23-23,"86, 720, 2",86,720,2
J-23-30,"102, 720, 3",102,720,3
J-23-40,"102, 720, 4",102,720,4
J-24-11,"118, 778, 1",118,778,1
J-24-12,"102, 778, 1",102,778,1
J-24-13,"86, 778, 1",86,778,1
J-24-21,"118, 778, 2",118,778,2
J-24-22,"102, 778, 2",102,778,2
J-24-23,"86, 778, 2",86,778,2
J-24-30,"102, 778, 3",102,778,3
J-24-40,"102, 778, 4",102,778,4
K-01-11,"666, 900, 1",666,900,1
K-01-12,"650, 900, 1",650,900,1
K-01-13,"634, 900, 1",634,900,1
K-01-21,"666, 900, 2",666,900,2
K-01-22,"650, 900, 2",650,900,2
K-01-23,"634, 900, 2",634,900,2
K-01-30,"650, 900, 3",650,900,3
K-01-40,"650, 900, 4",650,900,4
K-02-11,"666, 958, 1",666,958,1
K-02-12,"650, 958, 1",650,958,1
K-02-13,"634, 958, 1",634,958,1
K-02-21,"666, 958, 2",666,958,2
K-02-22,"650, 958, 2",650,958,2
K-02-23,"634, 958, 2",634,958,2
K-02-30,"650, 958, 3",650,958,3
K-02-40,"650, 958, 4",650,958,4
K-03-11,"616, 900, 1",616,900,1
K-03-12,"600, 900, 1",600,900,1
K-03-13,"584, 900, 1",584,900,1
K-03-21,"616, 900, 2",616,900,2
K-03-22,"600, 900, 2",600,900,2
K-03-23,"584, 900, 2",584,900,2
K-03-30,"600, 900, 3",600,900,3
K-03-40,"600, 900, 4",600,900,4
K-04-11,"616, 958, 1",616,958,1
K-04-12,"600, 958, 1",600,958,1
K-04-13,"584, 958, 1",584,958,1
K-04-21,"616, 958, 2",616,958,2
K-04-22,"600, 958, 2",600,958,2
K-04-23,"584, 958, 2",584,958,2
K-04-30,"600, 958, 3",600,958,3
K-04-40,"600, 958, 4",600,958,4
K-05-11,"566, 900, 1",566,900,1
K-05-12,"550, 900, 1",550,900,1
K-05-13,"534, 900, 1",534,900,1
K-05-21,"566, 900, 2",566,900,2
K-05-22,"550, 900, 2",550,900,2
K-05-23,"534, 900, 2",534,900,2
K-05-30,"550, 900, 3",550,900,3
K-05-40,"550, 900, 4",550,900,4
K-06-11,"566, 958, 1",566,958,1
K-06-12,"550, 958, 1",550,958,1
K-06-13,"534, 958, 1",534,958,1
K-06-21,"566, 958, 2",566,958,2
K-06-22,"550, 958, 2",550,958,2
K-06-23,"534, 958, 2",534,958,2
K-06-30,"550, 958, 3",550,958,3
K-06-40,"550, 958, 4",550,958,4
K-07-11,"516, 900, 1",516,900,1
K-07-12,"500, 900, 1",500,900,1
K-07-13,"484, 900, 1",484,900,1
K-07-21,"516, 900, 2",516,900,2
K-07-22,"500, 900, 2",500,900,2
K-07-23,"484, 900, 2",484,900,2
K-07-30,"500, 900, 3",500,900,3
K-07-40,"500, 900, 4",500,900,4
K-08-11,"516, 958, 1",516,958,1
K-08-12,"500, 958, 1",500,958,1
K-08-13,"484, 958, 1",484,958,1
K-08-21,"516, 958, 2",516,958,2
K-08-22,"500, 958, 2",500,958,2
K-08-23,"484, 958, 2",484,958,2
K-08-30,"500, 958, 3",500,958,3
K-08-40,"500, 958, 4",500,958,4
K-09-11,"466, 900, 1",466,900,1
K-09-12,"450, 900, 1",450,900,1
K-09-13,"434, 900, 1",434,900,1
K-09-21,"466, 900, 2",466,900,2
K-09-22,"450, 900, 2",450,900,2
K-09-23,"434, 900, 2",434,900,2
K-09-30,"450, 900, 3",450,900,3
K-09-40,"450, 900, 4",450,900,4
K-10-11,"466, 958, 1",466,958,1
K-10-12,"450, 958, 1",450,958,1
K-10-13,"434, 958, 1",434,958,1
K-10-21,"466, 958, 2",466,958,2
K-10-22,"450, 958, 2",450,958,2
K-10-23,"434, 958, 2",434,958,2
K-10-30,"450, 958, 3",450,958,3
K-10-40,"450, 958, 4",450,958,4
K-13-11,"368, 810, 1",368,810,1
K-13-12,"352, 810, 1",352,810,1
K-13-13,"336, 810, 1",336,810,1
K-13-21,"368, 810, 2",368,810,2
K-13-22,"352, 810, 2",352,810,2
K-13-23,"336, 810, 2",336,810,2
K-13-30,"352, 810, 3",352,810,3
K-13-40,"352, 810, 4",352,810,4
K-14-11,"368, 868, 1",368,868,1
K-14-12,"352, 868, 1",352,868,1
K-14-13,"336, 868, 1",336,868,1
K-14-21,"368, 868, 2",368,868,2
K-14-22,"352, 868, 2",352,868,2
K-14-23,"336, 868, 2",336,868,2
K-14-30,"352, 868, 3",352,868,3
K-14-40,"352, 868, 4",352,868,4
K-15-11,"318, 810, 1",318,810,1
K-15-12,"302, 810, 1",302,810,1
K-15-13,"286, 810, 1",286,810,1
K-15-21,"318, 810, 2",318,810,2
K-15-22,"302, 810, 2",302,810,2
K-15-23,"286, 810, 2",286,810,2
K-15-30,"302, 810, 3",302,810,3
K-15-40,"302, 810, 4",302,810,4
K-16-11,"318, 868, 1",318,868,1
K-16-12,"302, 868, 1",302,868,1
K-16-13,"286, 868, 1",286,868,1
K-16-21,"318, 868, 2",318,868,2
K-16-22,"302, 868, 2",302,868,2
K-16-23,"286, 868, 2",286,868,2
K-16-30,"302, 868, 3",302,868,3
K-16-40,"302, 868, 4",302,868,4
K-17-11,"268, 810, 1",268,810,1
K-17-12,"252, 810, 1",252,810,1
K-17-13,"236, 810, 1",236,810,1
K-17-21,"268, 810, 2",268,810,2
K-17-22,"252, 810, 2",252,810,2
K-17-23,"236, 810, 2",236,810,2
K-17-30,"252, 810, 3",252,810,3
K-17-40,"252, 810, 4",252,810,4
K-18-11,"268, 868, 1",268,868,1
K-18-12,"252, 868, 1",252,868,1
K-18-13,"236, 868, 1",236,868,1
K-18-21,"268, 868, 2",268,868,2
K-18-22,"252, 868, 2",252,868,2
K-18-23,"236, 868, 2",236,868,2
K-18-30,"252, 868, 3",252,868,3
K-18-40,"252, 868, 4",252,868,4
K-19-11,"218, 810, 1",218,810,1
K-19-12,"202, 810, 1",202,810,1
K-19-13,"186, 810, 1",186,810,1
K-19-21,"218, 810, 2",218,810,2
K-19-22,"202, 810, 2",202,810,2
K-19-23,"186, 810, 2",186,810,2
K-19-30,"202, 810, 3",202,810,3
K-19-40,"202, 810, 4",202,810,4
K-20-11,"218, 868, 1",218,868,1
K-20-12,"202, 868, 1",202,868,1
K-20-13,"186, 868, 1",186,868,1
K-20-21,"218, 868, 2",218,868,2
K-20-22,"202, 868, 2",202,868,2
K-20-23,"186, 868, 2",186,868,2
K-20-30,"202, 868, 3",202,868,3
K-20-40,"202, 868, 4",202,868,4
K-21-11,"168, 810, 1",168,810,1
K-21-12,"152, 810, 1",152,810,1
K-21-13,"136, 810, 1",136,810,1
K-21-21,"168, 810, 2",168,810,2
K-21-22,"152, 810, 2",152,810,2
K-21-23,"136, 810, 2",136,810,2
K-21-30,"152, 810, 3",152,810,3
K-21-40,"152, 810, 4",152,810,4
K-22-11,"168, 868, 1",168,868,1
K-22-12,"152, 868, 1",152,868,1
K-22-13,"136, 868, 1",136,868,1
K-22-21,"168, 868, 2",168,868,2
K-22-22,"152, 868, 2",152,868,2
K-22-23,"136, 868, 2",136,868,2
K-22-30,"152, 868, 3",152,868,3
K-22-40,"152, 868, 4",152,868,4
K-23-11,"118, 810, 1",118,810,1
K-23-12,"102, 810, 1",102,810,1
K-23-13,"86, 810, 1",86,810,1
K-23-21,"118, 810, 2",118,810,2
K-23-22,"102, 810, 2",102,810,2
K-23-23,"86, 810, 2",86,810,2
K-23-30,"102, 810, 3",102,810,3
K-23-40,"102, 810, 3",102,810,3
K-24-11,"118, 868, 1",118,868,1
K-24-12,"102, 868, 1",102,868,1
K-24-13,"86, 868, 1",86,868,1
K-24-21,"118, 868, 2",118,868,2
K-24-22,"102, 868, 2",102,868,2
K-24-23,"86, 868, 2",86,868,2
K-24-30,"102, 868, 3",102,868,3
K-24-40,"102, 868, 4",102,868,4
L-01-11,"666, 990, 1",666,990,1
L-01-12,"650, 990, 1",650,990,1
L-01-13,"634, 990, 1",634,990,1
L-01-21,"666, 990, 2",666,990,2
L-01-22,"650, 990, 2",650,990,2
L-01-23,"634, 990, 2",634,990,2
L-01-30,"650, 990, 3",650,990,3
L-01-40,"650, 990, 4",650,990,4
L-02-11,"666, 1048, 1",666,1048,1
L-02-12,"650, 1048, 1",650,1048,1
L-02-13,"634, 1048, 1",634,1048,1
L-02-21,"666, 1048, 2",666,1048,2
L-02-22,"650, 1048, 2",650,1048,2
L-02-23,"634, 1048, 2",634,1048,2
L-02-30,"650, 1048, 3",650,1048,3
L-02-40,"650, 1048, 4",650,1048,4
L-03-11,"616, 990, 1",616,990,1
L-03-12,"600, 990, 1",600,990,1
L-03-13,"584, 990, 1",584,990,1
L-03-21,"616, 990, 2",616,990,2
L-03-22,"600, 990, 2",600,990,2
L-03-23,"584, 990, 2",584,990,2
L-03-30,"600, 990, 3",600,990,3
L-03-40,"600, 990, 4",600,990,4
L-04-11,"616, 1048, 1",616,1048,1
L-04-12,"600, 1048, 1",600,1048,1
L-04-13,"584, 1048, 1",584,1048,1
L-04-21,"616, 1048, 2",616,1048,2
L-04-22,"600, 1048, 2",600,1048,2
L-04-23,"584, 1048, 2",584,1048,2
L-04-30,"600, 1048, 3",600,1048,3
L-04-40,"600, 1048, 4",600,1048,4
L-05-11,"566, 990, 1",566,990,1
L-05-12,"550, 990, 1",550,990,1
L-05-13,"534, 990, 1",534,990,1
L-05-21,"566, 990, 2",566,990,2
L-05-22,"550, 990, 2",550,990,2
L-05-23,"534, 990, 2",534,990,2
L-05-30,"550, 990, 3",550,990,3
L-05-40,"550, 990, 4",550,990,4
L-06-11,"566, 1048, 1",566,1048,1
L-06-12,"550, 1048, 1",550,1048,1
L-06-13,"534, 1048, 1",534,1048,1
L-06-21,"566, 1048, 2",566,1048,2
L-06-22,"550, 1048, 2",550,1048,2
L-06-23,"534, 1048, 2",534,1048,2
L-06-30,"550, 1048, 3",550,1048,3
L-06-40,"550, 1048, 4",550,1048,4
L-07-11,"516, 990, 1",516,990,1
L-07-12,"500, 990, 1",500,990,1
L-07-13,"484, 990, 1",484,990,1
L-07-21,"516, 990, 2",516,990,2
L-07-22,"500, 990, 2",500,990,2
L-07-23,"484, 990, 2",484,990,2
L-07-30,"500, 990, 3",500,990,3
L-07-40,"500, 990, 4",500,990,4
L-08-11,"516, 1048, 1",516,1048,1
L-08-12,"500, 1048, 1",500,1048,1
L-08-13,"484, 1048, 1",484,1048,1
L-08-21,"516, 1048, 2",516,1048,2
L-08-22,"500, 1048, 2",500,1048,2
L-08-23,"484, 1048, 2",484,1048,2
L-08-30,"500, 1048, 3",500,1048,3
L-08-40,"500, 1048, 4",500,1048,4
L-09-11,"466, 990, 1",466,990,1
L-09-12,"450, 990, 1",450,990,1
L-09-13,"434, 990, 1",434,990,1
L-09-21,"466, 990, 2",466,990,2
L-09-22,"450, 990, 2",450,990,2
L-09-23,"434, 990, 2",434,990,2
L-09-30,"450, 990, 3",450,990,3
L-09-40,"450, 990, 4",450,990,4
L-10-11,"466, 1048, 1",466,1048,1
L-10-12,"450, 1048, 1",450,1048,1
L-10-13,"434, 1048, 1",434,1048,1
L-10-21,"466, 1048, 2",466,1048,2
L-10-22,"450, 1048, 2",450,1048,2
L-10-23,"434, 1048, 2",434,1048,2
L-10-30,"450, 1048, 3",450,1048,3
L-10-40,"450, 1048, 4",450,1048,4
L-13-11,"368, 900, 1",368,900,1
L-13-12,"352, 900, 1",352,900,1
L-13-13,"336, 900, 1",336,900,1
L-13-21,"368, 900, 2",368,900,2
L-13-22,"352, 900, 2",352,900,2
L-13-23,"336, 900, 2",336,900,2
L-13-30,"352, 900, 3",352,900,3
L-13-40,"352, 900, 4",352,900,4
L-14-11,"368, 958, 1",368,958,1
L-14-12,"352, 958, 1",352,958,1
L-14-13,"336, 958, 1",336,958,1
L-14-21,"368, 958, 2",368,958,2
L-14-22,"352, 958, 2",352,958,2
L-14-23,"336, 958, 2",336,958,2
L-14-30,"352, 958, 3",352,958,3
L-14-40,"352, 958, 4",352,958,4
L-15-11,"318, 900, 1",318,900,1
L-15-12,"302, 900, 1",302,900,1
L-15-13,"286, 900, 1",286,900,1
L-15-21,"318, 900, 2",318,900,2
L-15-22,"302, 900, 2",302,900,2
L-15-23,"286, 900, 2",286,900,2
L-15-30,"302, 900, 3",302,900,3
L-15-40,"302, 900, 4",302,900,4
L-16-11,"318, 958, 1",318,958,1
L-16-12,"302, 958, 1",302,958,1
L-16-13,"286, 958, 1",286,958,1
L-16-21,"318, 958, 2",318,958,2
L-16-22,"302, 958, 2",302,958,2
L-16-23,"286, 958, 2",286,958,2
L-16-30,"302, 958, 3",302,958,3
L-16-40,"302, 958, 4",302,958,4
L-17-11,"268, 900, 1",268,900,1
L-17-12,"252, 900, 1",252,900,1
L-17-13,"236, 900, 1",236,900,1
L-17-21,"268, 900, 2",268,900,2
L-17-22,"252, 900, 2",252,900,2
L-17-23,"236, 900, 2",236,900,2
L-17-30,"252, 900, 3",252,900,3
L-17-40,"252, 900, 4",252,900,4
L-18-11,"268, 958, 1",268,958,1
L-18-12,"252, 958, 1",252,958,1
L-18-13,"236, 958, 1",236,958,1
L-18-21,"268, 958, 2",268,958,2
L-18-22,"252, 958, 2",252,958,2
L-18-23,"236, 958, 2",236,958,2
L-18-30,"252, 958, 3",252,958,3
L-18-40,"252, 958, 4",252,958,4
L-19-11,"218, 900, 1",218,900,1
L-19-12,"202, 900, 1",202,900,1
L-19-13,"186, 900, 1",186,900,1
L-19-21,"218, 900, 2",218,900,2
L-19-22,"202, 900, 2",202,900,2
L-19-23,"186, 900, 2",186,900,2
L-19-30,"202, 900, 3",202,900,3
L-19-40,"202, 900, 4",202,900,4
L-20-11,"218, 958, 1",218,958,1
L-20-12,"202, 958, 1",202,958,1
L-20-13,"186, 958, 1",186,958,1
L-20-21,"218, 958, 2",218,958,2
L-20-22,"202, 958, 2",202,958,2
L-20-23,"186, 958, 2",186,958,2
L-20-30,"202, 958, 3",202,958,3
L-20-40,"202, 958, 4",202,958,4
L-21-11,"168, 900, 1",168,900,1
L-21-12,"152, 900, 1",152,900,1
L-21-13,"136, 900, 1",136,900,1
L-21-21,"168, 900, 2",168,900,2
L-21-22,"152, 900, 2",152,900,2
L-21-23,"136, 900, 2",136,900,2
L-21-30,"152, 900, 3",152,900,3
L-21-40,"152, 900, 4",152,900,4
L-22-11,"168, 958, 1",168,958,1
L-22-12,"152, 958, 1",152,958,1
L-22-13,"136, 958, 1",136,958,1
L-22-21,"168, 958, 2",168,958,2
L-22-22,"152, 958, 2",152,958,2
L-22-23,"136, 958, 2",136,958,2
L-22-30,"152, 958, 3",152,958,3
L-22-40,"152, 958, 4",152,958,4
L-23-11,"118, 900, 1",118,900,1
L-23-12,"102, 900, 1",102,900,1
L-23-13,"86, 900, 1",86,900,1
L-23-21,"118, 900, 2",118,900,2
L-23-22,"102, 900, 2",102,900,2
L-23-23,"86, 900, 2",86,900,2
L-23-30,"102, 900, 3",102,900,3
L-23-40,"102, 900, 4",102,900,4
L-24-11,"118, 958, 1",118,958,1
L-24-12,"102, 958, 1",102,958,1
L-24-13,"86, 958, 1",86,958,1
L-24-21,"118, 958, 2",118,958,2
L-24-22,"102, 958, 2",102,958,2
L-24-23,"86, 958, 2",86,958,2
L-24-30,"102, 958, 3",102,958,3
L-24-40,"102, 958, 4",102,958,4
M-01-11,"666, 1080, 1",666,1080,1
M-01-12,"650, 1080, 1",650,1080,1
M-01-13,"634, 1080, 1",634,1080,1
M-01-21,"666, 1080, 2",666,1080,2
M-01-22,"650, 1080, 2",650,1080,2
M-01-23,"634, 1080, 2",634,1080,2
M-01-30,"650, 1080, 3",650,1080,3
M-01-40,"650, 1080, 4",650,1080,4
M-02-11,"666, 1138, 1",666,1138,1
M-02-12,"650, 1138, 1",650,1138,1
M-02-13,"634, 1138, 1",634,1138,1
M-02-21,"666, 1138, 2",666,1138,2
M-02-22,"650, 1138, 2",650,1138,2
M-02-23,"634, 1138, 2",634,1138,2
M-02-30,"650, 1138, 3",650,1138,3
M-02-40,"650, 1138, 4",650,1138,4
M-03-11,"616, 1080, 1",616,1080,1
M-03-12,"600, 1080, 1",600,1080,1
M-03-13,"584, 1080, 1",584,1080,1
M-03-21,"616, 1080, 2",616,1080,2
M-03-22,"600, 1080, 2",600,1080,2
M-03-23,"584, 1080, 2",584,1080,2
M-03-30,"600, 1080, 3",600,1080,3
M-03-40,"600, 1080, 4",600,1080,4
M-04-11,"616, 1138, 1",616,1138,1
M-04-12,"600, 1138, 1",600,1138,1
M-04-13,"584, 1138, 1",584,1138,1
M-04-21,"616, 1138, 2",616,1138,2
M-04-22,"600, 1138, 2",600,1138,2
M-04-23,"584, 1138, 2",584,1138,2
M-04-30,"600, 1138, 3",600,1138,3
M-04-40,"600, 1138, 4",600,1138,4
M-05-11,"566, 1080, 1",566,1080,1
M-05-12,"550, 1080, 1",550,1080,1
M-05-13,"534, 1080, 1",534,1080,1
M-05-21,"566, 1080, 2",566,1080,2
M-05-22,"550, 1080, 2",550,1080,2
M-05-23,"534, 1080, 2",534,1080,2
M-05-30,"550, 1080, 3",550,1080,3
M-05-40,"550, 1080, 4",550,1080,4
M-06-11,"566, 1138, 1",566,1138,1
M-06-12,"550, 1138, 1",550,1138,1
M-06-13,"534, 1138, 1",534,1138,1
M-06-21,"566, 1138, 2",566,1138,2
M-06-22,"550, 1138, 2",550,1138,2
M-06-23,"534, 1138, 2",534,1138,2
M-06-30,"550, 1138, 3",550,1138,3
M-06-40,"550, 1138, 4",550,1138,4
M-07-11,"516, 1080, 1",516,1080,1
M-07-12,"500, 1080, 1",500,1080,1
M-07-13,"484, 1080, 1",484,1080,1
M-07-21,"516, 1080, 2",516,1080,2
M-07-22,"500, 1080, 2",500,1080,2
M-07-23,"484, 1080, 2",484,1080,2
M-07-30,"500, 1080, 3",500,1080,3
M-07-40,"500, 1080, 4",500,1080,4
M-08-11,"516, 1138, 1",516,1138,1
M-08-12,"500, 1138, 1",500,1138,1
M-08-13,"484, 1138, 1",484,1138,1
M-08-21,"516, 1138, 2",516,1138,2
M-08-22,"500, 1138, 2",500,1138,2
M-08-23,"484, 1138, 2",484,1138,2
M-08-30,"500, 1138, 3",500,1138,3
M-08-40,"500, 1138, 4",500,1138,4
M-09-11,"466, 1080, 1",466,1080,1
M-09-12,"450, 1080, 1",450,1080,1
M-09-13,"434, 1080, 1",434,1080,1
M-09-21,"466, 1080, 2",466,1080,2
M-09-22,"450, 1080, 2",450,1080,2
M-09-23,"434, 1080, 2",434,1080,2
M-09-30,"450, 1080, 3",450,1080,3
M-09-40,"450, 1080, 4",450,1080,4
M-10-11,"466, 1138, 1",466,1138,1
M-10-12,"450, 1138, 1",450,1138,1
M-10-13,"434, 1138, 1",434,1138,1
M-10-21,"466, 1138, 2",466,1138,2
M-10-22,"450, 1138, 2",450,1138,2
M-10-23,"434, 1138, 2",434,1138,2
M-10-30,"450, 1138, 3",450,1138,3
M-10-40,"450, 1138, 4",450,1138,4
M-13-11,"368, 990, 1",368,990,1
M-13-12,"352, 990, 1",352,990,1
M-13-13,"336, 990, 1",336,990,1
M-13-21,"368, 990, 2",368,990,2
M-13-22,"352, 990, 2",352,990,2
M-13-23,"336, 990, 2",336,990,2
M-13-30,"352, 990, 3",352,990,3
M-13-40,"352, 990, 4",352,990,4
M-14-11,"368, 1048, 1",368,1048,1
M-14-12,"352, 1048, 1",352,1048,1
M-14-13,"336, 1048, 1",336,1048,1
M-14-21,"368, 1048, 2",368,1048,2
M-14-22,"352, 1048, 2",352,1048,2
M-14-23,"336, 1048, 2",336,1048,2
M-14-30,"352, 1048, 3",352,1048,3
M-14-40,"352, 1048, 4",352,1048,4
M-15-11,"318, 990, 1",318,990,1
M-15-12,"302, 990, 1",302,990,1
M-15-13,"286, 990, 1",286,990,1
M-15-21,"318, 990, 2",318,990,2
M-15-22,"302, 990, 2",302,990,2
M-15-23,"286, 990, 2",286,990,2
M-15-30,"302, 990, 3",302,990,3
M-15-40,"302, 990, 4",302,990,4
M-16-11,"318, 1048, 1",318,1048,1
M-16-12,"302, 1048, 1",302,1048,1
M-16-13,"286, 1048, 1",286,1048,1
M-16-21,"318, 1048, 2",318,1048,2
M-16-22,"302, 1048, 2",302,1048,2
M-16-23,"286, 1048, 2",286,1048,2
M-16-30,"302, 1048, 3",302,1048,3
M-16-40,"302, 1048, 4",302,1048,4
M-17-11,"268, 990, 1",268,990,1
M-17-12,"252, 990, 1",252,990,1
M-17-13,"236, 990, 1",236,990,1
M-17-21,"268, 990, 2",268,990,2
M-17-22,"252, 990, 2",252,990,2
M-17-23,"236, 990, 2",236,990,2
M-17-30,"252, 990, 3",252,990,3
M-17-40,"252, 990, 4",252,990,4
M-18-11,"268, 1048, 1",268,1048,1
M-18-12,"252, 1048, 1",252,1048,1
M-18-13,"236, 1048, 1",236,1048,1
M-18-21,"268, 1048, 2",268,1048,2
M-18-22,"252, 1048, 2",252,1048,2
M-18-23,"236, 1048, 2",236,1048,2
M-18-30,"252, 1048, 3",252,1048,3
M-18-40,"252, 1048, 4",252,1048,4
M-19-11,"218, 990, 1",218,990,1
M-19-12,"202, 990, 1",202,990,1
M-19-13,"186, 990, 1",186,990,1
M-19-21,"218, 990, 2",218,990,2
M-19-22,"202, 990, 2",202,990,2
M-19-23,"186, 990, 2",186,990,2
M-19-30,"202, 990, 3",202,990,3
M-19-40,"202, 990, 4",202,990,4
M-20-11,"218, 1048, 1",218,1048,1
M-20-12,"202, 1048, 1",202,1048,1
M-20-13,"186, 1048, 1",186,1048,1
M-20-21,"218, 1048, 2",218,1048,2
M-20-22,"202, 1048, 2",202,1048,2
M-20-23,"186, 1048, 2",186,1048,2
M-20-30,"202, 1048, 3",202,1048,3
M-20-40,"202, 1048, 4",202,1048,4
M-21-11,"168, 990, 1",168,990,1
M-21-12,"152, 990, 1",152,990,1
M-21-13,"136, 990, 1",136,990,1
M-21-21,"168, 990, 2",168,990,2
M-21-22,"152, 990, 2",152,990,2
M-21-23,"136, 990, 2",136,990,2
M-21-30,"152, 990, 3",152,990,3
M-21-40,"152, 990, 4",152,990,4
M-22-11,"168, 1048, 1",168,1048,1
M-22-12,"152, 1048, 1",152,1048,1
M-22-13,"136, 1048, 1",136,1048,1
M-22-21,"168, 1048, 2",168,1048,2
M-22-22,"152, 1048, 2",152,1048,2
M-22-23,"136, 1048, 2",136,1048,2
M-22-30,"152, 1048, 3",152,1048,3
M-22-40,"152, 1048, 4",152,1048,4
M-23-11,"118, 990, 1",118,990,1
M-23-12,"102, 990, 1",102,990,1
M-23-13,"86, 990, 1",86,990,1
M-23-21,"118, 990, 2",118,990,2
M-23-22,"102, 990, 2",102,990,2
M-23-23,"86, 990, 2",86,990,2
M-23-30,"102, 990, 3",102,990,3
M-23-40,"102, 990, 4",102,990,4
M-24-11,"118, 1048, 1",118,1048,1
M-24-12,"102, 1048, 1",102,1048,1
M-24-13,"86, 1048, 1",86,1048,1
M-24-21,"118, 1048, 2",118,1048,2
M-24-22,"102, 1048, 2",102,1048,2
M-24-23,"86, 1048, 2",86,1048,2
M-24-30,"102, 1048, 3",102,1048,3
M-24-40,"102, 1048, 4",102,1048,4
N-01-11,"666, 1170, 1",666,1170,1
N-01-12,"650, 1170, 1",650,1170,1
N-01-13,"634, 1170, 1",634,1170,1
N-01-21,"666, 1170, 2",666,1170,2
N-01-22,"650, 1170, 2",650,1170,2
N-01-23,"634, 1170, 2",634,1170,2
N-01-30,"650, 1170, 3",650,1170,3
N-01-40,"650, 1170, 4",650,1170,4
N-02-11,"666, 1228, 1",666,1228,1
N-02-12,"650, 1228, 1",650,1228,1
N-02-13,"634, 1228, 1",634,1228,1
N-02-21,"666, 1228, 2",666,1228,2
N-02-22,"650, 1228, 2",650,1228,2
N-02-23,"634, 1228, 2",634,1228,2
N-02-30,"650, 1228, 3",650,1228,3
N-02-40,"650, 1228, 4",650,1228,4
N-03-11,"616, 1170, 1",616,1170,1
N-03-12,"600, 1170, 1",600,1170,1
N-03-13,"584, 1170, 1",584,1170,1
N-03-21,"616, 1170, 2",616,1170,2
N-03-22,"600, 1170, 2",600,1170,2
N-03-23,"584, 1170, 2",584,1170,2
N-03-30,"600, 1170, 3",600,1170,3
N-03-40,"600, 1170, 4",600,1170,4
N-04-11,"616, 1228, 1",616,1228,1
N-04-12,"600, 1228, 1",600,1228,1
N-04-13,"584, 1228, 1",584,1228,1
N-04-21,"616, 1228, 2",616,1228,2
N-04-22,"600, 1228, 2",600,1228,2
N-04-23,"584, 1228, 2",584,1228,2
N-04-30,"600, 1228, 3",600,1228,3
N-04-40,"600, 1228, 4",600,1228,4
N-05-11,"566, 1170, 1",566,1170,1
N-05-12,"550, 1170, 1",550,1170,1
N-05-13,"534, 1170, 1",534,1170,1
N-05-21,"566, 1170, 2",566,1170,2
N-05-22,"550, 1170, 2",550,1170,2
N-05-23,"534, 1170, 2",534,1170,2
N-05-30,"550, 1170, 3",550,1170,3
N-05-40,"550, 1170, 4",550,1170,4
N-06-11,"566, 1228, 1",566,1228,1
N-06-12,"550, 1228, 1",550,1228,1
N-06-13,"534, 1228, 1",534,1228,1
N-06-21,"566, 1228, 2",566,1228,2
N-06-22,"550, 1228, 2",550,1228,2
N-06-23,"534, 1228, 2",534,1228,2
N-06-30,"550, 1228, 3",550,1228,3
N-06-40,"550, 1228, 4",550,1228,4
N-07-11,"516, 1170, 1",516,1170,1
N-07-12,"500, 1170, 1",500,1170,1
N-07-13,"484, 1170, 1",484,1170,1
N-07-21,"516, 1170, 2",516,1170,2
N-07-22,"500, 1170, 2",500,1170,2
N-07-23,"484, 1170, 2",484,1170,2
N-07-30,"500, 1170, 3",500,1170,3
N-07-40,"500, 1170, 4",500,1170,4
N-08-11,"516, 1228, 1",516,1228,1
N-08-12,"500, 1228, 1",500,1228,1
N-08-13,"484, 1228, 1",484,1228,1
N-08-21,"516, 1228, 2",516,1228,2
N-08-22,"500, 1228, 2",500,1228,2
N-08-23,"484, 1228, 2",484,1228,2
N-08-30,"500, 1228, 3",500,1228,3
N-08-40,"500, 1228, 4",500,1228,4
N-09-11,"466, 1170, 1",466,1170,1
N-09-12,"450, 1170, 1",450,1170,1
N-09-13,"434, 1170, 1",434,1170,1
N-09-21,"466, 1170, 2",466,1170,2
N-09-22,"450, 1170, 2",450,1170,2
N-09-23,"434, 1170, 2",434,1170,2
N-09-30,"450, 1170, 3",450,1170,3
N-09-40,"450, 1170, 4",450,1170,4
N-10-11,"466, 1228, 1",466,1228,1
N-10-12,"450, 1228, 1",450,1228,1
N-10-13,"434, 1228, 1",434,1228,1
N-10-21,"466, 1228, 2",466,1228,2
N-10-22,"450, 1228, 2",450,1228,2
N-10-23,"434, 1228, 2",434,1228,2
N-10-30,"450, 1228, 3",450,1228,3
N-10-40,"450, 1228, 4",450,1228,4
N-13-11,"368, 1080, 1",368,1080,1
N-13-12,"352, 1080, 1",352,1080,1
N-13-13,"336, 1080, 1",336,1080,1
N-13-21,"368, 1080, 2",368,1080,2
N-13-22,"352, 1080, 2",352,1080,2
N-13-23,"336, 1080, 2",336,1080,2
N-13-30,"352, 1080, 3",352,1080,3
N-13-40,"352, 1080, 4",352,1080,4
N-14-11,"368, 1138, 1",368,1138,1
N-14-12,"352, 1138, 1",352,1138,1
N-14-13,"336, 1138, 1",336,1138,1
N-14-21,"368, 1138, 2",368,1138,2
N-14-22,"352, 1138, 2",352,1138,2
N-14-23,"336, 1138, 2",336,1138,2
N-14-30,"352, 1138, 3",352,1138,3
N-14-40,"352, 1138, 4",352,1138,4
N-15-11,"318, 1080, 1",318,1080,1
N-15-12,"302, 1080, 1",302,1080,1
N-15-13,"286, 1080, 1",286,1080,1
N-15-21,"318, 1080, 2",318,1080,2
N-15-22,"302, 1080, 2",302,1080,2
N-15-23,"286, 1080, 2",286,1080,2
N-15-30,"302, 1080, 3",302,1080,3
N-15-40,"302, 1080, 4",302,1080,4
N-16-11,"318, 1138, 1",318,1138,1
N-16-12,"302, 1138, 1",302,1138,1
N-16-13,"286, 1138, 1",286,1138,1
N-16-21,"318, 1138, 2",318,1138,2
N-16-22,"302, 1138, 2",302,1138,2
N-16-23,"286, 1138, 2",286,1138,2
N-16-30,"302, 1138, 3",302,1138,3
N-16-40,"302, 1138, 4",302,1138,4
N-17-11,"268, 1080, 1",268,1080,1
N-17-12,"252, 1080, 1",252,1080,1
N-17-13,"236, 1080, 1",236,1080,1
N-17-21,"268, 1080, 2",268,1080,2
N-17-22,"252, 1080, 2",252,1080,2
N-17-23,"236, 1080, 2",236,1080,2
N-17-30,"252, 1080, 3",252,1080,3
N-17-40,"252, 1080, 4",252,1080,4
N-18-11,"268, 1138, 1",268,1138,1
N-18-12,"252, 1138, 1",252,1138,1
N-18-13,"236, 1138, 1",236,1138,1
N-18-21,"268, 1138, 2",268,1138,2
N-18-22,"252, 1138, 2",252,1138,2
N-18-23,"236, 1138, 2",236,1138,2
N-18-30,"252, 1138, 3",252,1138,3
N-18-40,"252, 1138, 4",252,1138,4
N-19-11,"218, 1080, 1",218,1080,1
N-19-12,"202, 1080, 1",202,1080,1
N-19-13,"186, 1080, 1",186,1080,1
N-19-21,"218, 1080, 2",218,1080,2
N-19-22,"202, 1080, 2",202,1080,2
N-19-23,"186, 1080, 2",186,1080,2
N-19-30,"202, 1080, 3",202,1080,3
N-19-40,"202, 1080, 4",202,1080,4
N-20-11,"218, 1138, 1",218,1138,1
N-20-12,"202, 1138, 1",202,1138,1
N-20-13,"186, 1138, 1",186,1138,1
N-20-21,"218, 1138, 2",218,1138,2
N-20-22,"202, 1138, 2",202,1138,2
N-20-23,"186, 1138, 2",186,1138,2
N-20-30,"202, 1138, 3",202,1138,3
N-20-40,"202, 1138, 4",202,1138,4
N-21-11,"168, 1080, 1",168,1080,1
N-21-12,"152, 1080, 1",152,1080,1
N-21-13,"136, 1080, 1",136,1080,1
N-21-21,"168, 1080, 2",168,1080,2
N-21-22,"152, 1080, 2",152,1080,2
N-21-23,"136, 1080, 2",136,1080,2
N-21-30,"152, 1080, 3",152,1080,3
N-21-40,"152, 1080, 4",152,1080,4
N-22-11,"168, 1138, 1",168,1138,1
N-22-12,"152, 1138, 1",152,1138,1
N-22-13,"136, 1138, 1",136,1138,1
N-22-21,"168, 1138, 2",168,1138,2
N-22-22,"152, 1138, 2",152,1138,2
N-22-23,"136, 1138, 2",136,1138,2
N-22-30,"152, 1138, 3",152,1138,3
N-22-40,"152, 1138, 4",152,1138,4
N-23-11,"118, 1080, 1",118,1080,1
N-23-12,"102, 1080, 1",102,1080,1
N-23-13,"86, 1080, 1",86,1080,1
N-23-21,"118, 1080, 2",118,1080,2
N-23-22,"102, 1080, 2",102,1080,2
N-23-23,"86, 1080, 2",86,1080,2
N-23-30,"102, 1080, 3",102,1080,3
N-23-40,"102, 1080, 4",102,1080,4
N-24-11,"118, 1138, 1",118,1138,1
N-24-12,"102, 1138, 1",102,1138,1
N-24-13,"86, 1138, 1",86,1138,1
N-24-21,"118, 1138, 2",118,1138,2
N-24-22,"102, 1138, 2",102,1138,2
N-24-23,"86, 1138, 2",86,1138,2
N-24-30,"102, 1138, 3",102,1138,3
N-24-40,"102, 1138, 4",102,1138,4
O-01-11,"666, 1260, 1",666,1260,1
O-01-12,"650, 1260, 1",650,1260,1
O-01-13,"634, 1260, 1",634,1260,1
O-01-21,"666, 1260, 2",666,1260,2
O-01-22,"650, 1260, 2",650,1260,2
O-01-23,"634, 1260, 2",634,1260,2
O-01-30,"650, 1260, 3",650,1260,3
O-01-40,"650, 1260, 4",650,1260,4
O-02-11,"666, 1318, 1",666,1318,1
O-02-12,"650, 1318, 1",650,1318,1
O-02-13,"634, 1318, 1",634,1318,1
O-02-21,"666, 1318, 2",666,1318,2
O-02-22,"650, 1318, 2",650,1318,2
O-02-23,"634, 1318, 2",634,1318,2
O-02-30,"650, 1318, 3",650,1318,3
O-02-40,"650, 1318, 4",650,1318,4
O-03-11,"616, 1260, 1",616,1260,1
O-03-12,"600, 1260, 1",600,1260,1
O-03-13,"584, 1260, 1",584,1260,1
O-03-21,"616, 1260, 2",616,1260,2
O-03-22,"600, 1260, 2",600,1260,2
O-03-23,"584, 1260, 2",584,1260,2
O-03-30,"600, 1260, 3",600,1260,3
O-03-40,"600, 1260, 4",600,1260,4
O-04-11,"616, 1318, 1",616,1318,1
O-04-12,"600, 1318, 1",600,1318,1
O-04-13,"584, 1318, 1",584,1318,1
O-04-21,"616, 1318, 2",616,1318,2
O-04-22,"600, 1318, 2",600,1318,2
O-04-23,"584, 1318, 2",584,1318,2
O-04-30,"600, 1318, 3",600,1318,3
O-04-40,"600, 1318, 4",600,1318,4
O-05-11,"566, 1260, 1",566,1260,1
O-05-12,"550, 1260, 1",550,1260,1
O-05-13,"534, 1260, 1",534,1260,1
O-05-21,"566, 1260, 2",566,1260,2
O-05-22,"550, 1260, 2",550,1260,2
O-05-23,"534, 1260, 2",534,1260,2
O-05-30,"550, 1260, 3",550,1260,3
O-05-40,"550, 1260, 4",550,1260,4
O-06-11,"566, 1318, 1",566,1318,1
O-06-12,"550, 1318, 1",550,1318,1
O-06-13,"534, 1318, 1",534,1318,1
O-06-21,"566, 1318, 2",566,1318,2
O-06-22,"550, 1318, 2",550,1318,2
O-06-23,"534, 1318, 2",534,1318,2
O-06-30,"550, 1318, 3",550,1318,3
O-06-40,"550, 1318, 4",550,1318,4
O-07-11,"516, 1260, 1",516,1260,1
O-07-12,"500, 1260, 1",500,1260,1
O-07-13,"484, 1260, 1",484,1260,1
O-07-21,"516, 1260, 2",516,1260,2
O-07-22,"500, 1260, 2",500,1260,2
O-07-23,"484, 1260, 2",484,1260,2
O-07-30,"500, 1260, 3",500,1260,3
O-07-40,"500, 1260, 4",500,1260,4
O-08-11,"516, 1318, 1",516,1318,1
O-08-12,"500, 1318, 1",500,1318,1
O-08-13,"484, 1318, 1",484,1318,1
O-08-21,"516, 1318, 2",516,1318,2
O-08-22,"500, 1318, 2",500,1318,2
O-08-23,"484, 1318, 2",484,1318,2
O-08-30,"500, 1318, 3",500,1318,3
O-08-40,"500, 1318, 4",500,1318,4
O-09-11,"466, 1260, 1",466,1260,1
O-09-12,"450, 1260, 1",450,1260,1
O-09-13,"434, 1260, 1",434,1260,1
O-09-21,"466, 1260, 2",466,1260,2
O-09-22,"450, 1260, 2",450,1260,2
O-09-23,"434, 1260, 2",434,1260,2
O-09-30,"450, 1260, 3",450,1260,3
O-09-40,"450, 1260, 4",450,1260,4
O-10-11,"466, 1318, 1",466,1318,1
O-10-12,"450, 1318, 1",450,1318,1
O-10-13,"434, 1318, 1",434,1318,1
O-10-21,"466, 1318, 2",466,1318,2
O-10-22,"450, 1318, 2",450,1318,2
O-10-23,"434, 1318, 2",434,1318,2
O-10-30,"450, 1318, 3",450,1318,3
O-10-40,"450, 1318, 4",450,1318,4
O-13-11,"368, 1170, 1",368,1170,1
O-13-12,"352, 1170, 1",352,1170,1
O-13-13,"336, 1170, 1",336,1170,1
O-13-21,"368, 1170, 2",368,1170,2
O-13-22,"352, 1170, 2",352,1170,2
O-13-23,"336, 1170, 2",336,1170,2
O-13-30,"352, 1170, 3",352,1170,3
O-13-40,"352, 1170, 4",352,1170,4
O-14-11,"368, 1228, 1",368,1228,1
O-14-12,"352, 1228, 1",352,1228,1
O-14-13,"336, 1228, 1",336,1228,1
O-14-21,"368, 1228, 2",368,1228,2
O-14-22,"352, 1228, 2",352,1228,2
O-14-23,"336, 1228, 2",336,1228,2
O-14-30,"352, 1228, 3",352,1228,3
O-14-40,"352, 1228, 4",352,1228,4
O-15-11,"318, 1170, 1",318,1170,1
O-15-12,"302, 1170, 1",302,1170,1
O-15-13,"286, 1170, 1",286,1170,1
O-15-21,"318, 1170, 2",318,1170,2
O-15-22,"302, 1170, 2",302,1170,2
O-15-23,"286, 1170, 2",286,1170,2
O-15-30,"302, 1170, 3",302,1170,3
O-15-40,"302, 1170, 4",302,1170,4
O-16-11,"318, 1228, 1",318,1228,1
O-16-12,"302, 1228, 1",302,1228,1
O-16-13,"286, 1228, 1",286,1228,1
O-16-21,"318, 1228, 2",318,1228,2
O-16-22,"302, 1228, 2",302,1228,2
O-16-23,"286, 1228, 2",286,1228,2
O-16-30,"302, 1228, 3",302,1228,3
O-16-40,"302, 1228, 4",302,1228,4
O-17-11,"268, 1170, 1",268,1170,1
O-17-12,"252, 1170, 1",252,1170,1
O-17-13,"236, 1170, 1",236,1170,1
O-17-21,"268, 1170, 2",268,1170,2
O-17-22,"252, 1170, 2",252,1170,2
O-17-23,"236, 1170, 2",236,1170,2
O-17-30,"252, 1170, 3",252,1170,3
O-17-40,"252, 1170, 4",252,1170,4
O-18-11,"268, 1228, 1",268,1228,1
O-18-12,"252, 1228, 1",252,1228,1
O-18-13,"236, 1228, 1",236,1228,1
O-18-21,"268, 1228, 2",268,1228,2
O-18-22,"252, 1228, 2",252,1228,2
O-18-23,"236, 1228, 2",236,1228,2
O-18-30,"252, 1228, 3",252,1228,3
O-18-40,"252, 1228, 4",252,1228,4
O-19-11,"218, 1170, 1",218,1170,1
O-19-12,"202, 1170, 1",202,1170,1
O-19-13,"186, 1170, 1",186,1170,1
O-19-21,"218, 1170, 2",218,1170,2
O-19-22,"202, 1170, 2",202,1170,2
O-19-23,"186, 1170, 2",186,1170,2
O-19-30,"202, 1170, 3",202,1170,3
O-19-40,"202, 1170, 4",202,1170,4
O-20-11,"218, 1228, 1",218,1228,1
O-20-12,"202, 1228, 1",202,1228,1
O-20-13,"186, 1228, 1",186,1228,1
O-20-21,"218, 1228, 2",218,1228,2
O-20-22,"202, 1228, 2",202,1228,2
O-20-23,"186, 1228, 2",186,1228,2
O-20-30,"202, 1228, 3",202,1228,3
O-20-40,"202, 1228, 4",202,1228,4
O-21-11,"168, 1170, 1",168,1170,1
O-21-12,"152, 1170, 1",152,1170,1
O-21-13,"136, 1170, 1",136,1170,1
O-21-21,"168, 1170, 2",168,1170,2
O-21-22,"152, 1170, 2",152,1170,2
O-21-23,"136, 1170, 2",136,1170,2
O-21-30,"152, 1170, 3",152,1170,3
O-21-40,"152, 1170, 4",152,1170,4
O-22-11,"168, 1228, 1",168,1228,1
O-22-12,"152, 1228, 1",152,1228,1
O-22-13,"136, 1228, 1",136,1228,1
O-22-21,"168, 1228, 2",168,1228,2
O-22-22,"152, 1228, 2",152,1228,2
O-22-23,"136, 1228, 2",136,1228,2
O-22-30,"152, 1228, 3",152,1228,3
O-22-40,"152, 1228, 4",152,1228,4
O-23-11,"118, 1170, 1",118,1170,1
O-23-12,"102, 1170, 1",102,1170,1
O-23-13,"86, 1170, 1",86,1170,1
O-23-21,"118, 1170, 2",118,1170,2
O-23-22,"102, 1170, 2",102,1170,2
O-23-23,"86, 1170, 2",86,1170,2
O-23-30,"102, 1170, 3",102,1170,3
O-23-40,"102, 1170, 4",102,1170,4
O-24-11,"118, 1228, 1",118,1228,1
O-24-12,"102, 1228, 1",102,1228,1
O-24-13,"86, 1228, 1",86,1228,1
O-24-21,"118, 1228, 2",118,1228,2
O-24-22,"102, 1228, 2",102,1228,2
O-24-23,"86, 1228, 2",86,1228,2
O-24-30,"102, 1228, 3",102,1228,3
O-24-40,"102, 1228, 4",102,1228,4
P-01-11,"666, 1350, 1",666,1350,1
P-01-12,"650, 1350, 1",650,1350,1
P-01-13,"634, 1350, 1",634,1350,1
P-01-21,"666, 1350, 2",666,1350,2
P-01-22,"650, 1350, 2",650,1350,2
P-01-23,"634, 1350, 2",634,1350,2
P-01-30,"650, 1350, 3",650,1350,3
P-01-40,"650, 1350, 4",650,1350,4
P-02-11,"666, 1408, 1",666,1408,1
P-02-12,"650, 1408, 1",650,1408,1
P-02-13,"634, 1408, 1",634,1408,1
P-02-21,"666, 1408, 2",666,1408,2
P-02-22,"650, 1408, 2",650,1408,2
P-02-23,"634, 1408, 2",634,1408,2
P-02-30,"650, 1408, 3",650,1408,3
P-02-40,"650, 1408, 4",650,1408,4
P-03-11,"616, 1350, 1",616,1350,1
P-03-12,"600, 1350, 1",600,1350,1
P-03-13,"584, 1350, 1",584,1350,1
P-03-21,"616, 1350, 2",616,1350,2
P-03-22,"600, 1350, 2",600,1350,2
P-03-23,"584, 1350, 2",584,1350,2
P-03-30,"600, 1350, 3",600,1350,3
P-03-40,"600, 1350, 4",600,1350,4
P-04-11,"616, 1408, 1",616,1408,1
P-04-12,"600, 1408, 1",600,1408,1
P-04-13,"584, 1408, 1",584,1408,1
P-04-21,"616, 1408, 2",616,1408,2
P-04-22,"600, 1408, 2",600,1408,2
P-04-23,"584, 1408, 2",584,1408,2
P-04-30,"600, 1408, 3",600,1408,3
P-04-40,"600, 1408, 4",600,1408,4
P-05-11,"566, 1350, 1",566,1350,1
P-05-12,"550, 1350, 1",550,1350,1
P-05-13,"534, 1350, 1",534,1350,1
P-05-21,"566, 1350, 2",566,1350,2
P-05-22,"550, 1350, 2",550,1350,2
P-05-23,"534, 1350, 2",534,1350,2
P-05-30,"550, 1350, 3",550,1350,3
P-05-40,"550, 1350, 4",550,1350,4
P-06-11,"566, 1408, 1",566,1408,1
P-06-12,"550, 1408, 1",550,1408,1
P-06-13,"534, 1408, 1",534,1408,1
P-06-21,"566, 1408, 2",566,1408,2
P-06-22,"550, 1408, 2",550,1408,2
P-06-23,"534, 1408, 2",534,1408,2
P-06-30,"550, 1408, 3",550,1408,3
P-06-40,"550, 1408, 4",550,1408,4
P-07-11,"516, 1350, 1",516,1350,1
P-07-12,"500, 1350, 1",500,1350,1
P-07-13,"484, 1350, 1",484,1350,1
P-07-21,"516, 1350, 2",516,1350,2
P-07-22,"500, 1350, 2",500,1350,2
P-07-23,"484, 1350, 2",484,1350,2
P-07-30,"500, 1350, 3",500,1350,3
P-07-40,"500, 1350, 4",500,1350,4
P-08-11,"516, 1408, 1",516,1408,1
P-08-12,"500, 1408, 1",500,1408,1
P-08-13,"484, 1408, 1",484,1408,1
P-08-21,"516, 1408, 2",516,1408,2
P-08-22,"500, 1408, 2",500,1408,2
P-08-23,"484, 1408, 2",484,1408,2
P-08-30,"500, 1408, 3",500,1408,3
P-08-40,"500, 1408, 4",500,1408,4
P-09-11,"466, 1350, 1",466,1350,1
P-09-12,"450, 1350, 1",450,1350,1
P-09-13,"434, 1350, 1",434,1350,1
P-09-21,"466, 1350, 2",466,1350,2
P-09-22,"450, 1350, 2",450,1350,2
P-09-23,"434, 1350, 2",434,1350,2
P-09-30,"450, 1350, 3",450,1350,3
P-09-40,"450, 1350, 4",450,1350,4
P-10-11,"466, 1408, 1",466,1408,1
P-10-12,"450, 1408, 1",450,1408,1
P-10-13,"434, 1408, 1",434,1408,1
P-10-21,"466, 1408, 2",466,1408,2
P-10-22,"450, 1408, 2",450,1408,2
P-10-23,"434, 1408, 2",434,1408,2
P-10-30,"450, 1408, 3",450,1408,3
P-10-40,"450, 1408, 4",450,1408,4
P-13-11,"368, 1260, 1",368,1260,1
P-13-12,"352, 1260, 1",352,1260,1
P-13-13,"336, 1260, 1",336,1260,1
P-13-21,"368, 1260, 2",368,1260,2
P-13-22,"352, 1260, 2",352,1260,2
P-13-23,"336, 1260, 2",336,1260,2
P-13-30,"352, 1260, 3",352,1260,3
P-13-40,"352, 1260, 4",352,1260,4
P-14-11,"368, 1318, 1",368,1318,1
P-14-12,"352, 1318, 1",352,1318,1
P-14-13,"336, 1318, 1",336,1318,1
P-14-21,"368, 1318, 2",368,1318,2
P-14-22,"352, 1318, 2",352,1318,2
P-14-23,"336, 1318, 2",336,1318,2
P-14-30,"352, 1318, 3",352,1318,3
P-14-40,"352, 1318, 4",352,1318,4
P-15-11,"318, 1260, 1",318,1260,1
P-15-12,"302, 1260, 1",302,1260,1
P-15-13,"286, 1260, 1",286,1260,1
P-15-21,"318, 1260, 2",318,1260,2
P-15-22,"302, 1260, 2",302,1260,2
P-15-23,"286, 1260, 2",286,1260,2
P-15-30,"302, 1260, 3",302,1260,3
P-15-40,"302, 1260, 4",302,1260,4
P-16-11,"318, 1318, 1",318,1318,1
P-16-12,"302, 1318, 1",302,1318,1
P-16-13,"286, 1318, 1",286,1318,1
P-16-21,"318, 1318, 2",318,1318,2
P-16-22,"302, 1318, 2",302,1318,2
P-16-23,"286, 1318, 2",286,1318,2
P-16-30,"302, 1318, 3",302,1318,3
P-16-40,"302, 1318, 4",302,1318,4
P-17-11,"268, 1260, 1",268,1260,1
P-17-12,"252, 1260, 1",252,1260,1
P-17-13,"236, 1260, 1",236,1260,1
P-17-21,"268, 1260, 2",268,1260,2
P-17-22,"252, 1260, 2",252,1260,2
P-17-23,"236, 1260, 2",236,1260,2
P-17-30,"252, 1260, 3",252,1260,3
P-17-40,"252, 1260, 4",252,1260,4
P-18-11,"268, 1318, 1",268,1318,1
P-18-12,"252, 1318, 1",252,1318,1
P-18-13,"236, 1318, 1",236,1318,1
P-18-21,"268, 1318, 2",268,1318,2
P-18-22,"252, 1318, 2",252,1318,2
P-18-23,"236, 1318, 2",236,1318,2
P-18-30,"252, 1318, 3",252,1318,3
P-18-40,"252, 1318, 4",252,1318,4
P-19-11,"218, 1260, 1",218,1260,1
P-19-12,"202, 1260, 1",202,1260,1
P-19-13,"186, 1260, 1",186,1260,1
P-19-21,"218, 1260, 2",218,1260,2
P-19-22,"202, 1260, 2",202,1260,2
P-19-23,"186, 1260, 2",186,1260,2
P-19-30,"202, 1260, 3",202,1260,3
P-19-40,"202, 1260, 4",202,1260,4
P-20-11,"218, 1318, 1",218,1318,1
P-20-12,"202, 1318, 1",202,1318,1
P-20-13,"186, 1318, 1",186,1318,1
P-20-21,"218, 1318, 2",218,1318,2
P-20-22,"202, 1318, 2",202,1318,2
P-20-23,"186, 1318, 2",186,1318,2
P-20-30,"202, 1318, 3",202,1318,3
P-20-40,"202, 1318, 4",202,1318,4
P-21-11,"168, 1260, 1",168,1260,1
P-21-12,"152, 1260, 1",152,1260,1
P-21-13,"136, 1260, 1",136,1260,1
P-21-21,"168, 1260, 2",168,1260,2
P-21-22,"152, 1260, 2",152,1260,2
P-21-23,"136, 1260, 2",136,1260,2
P-21-30,"152, 1260, 3",152,1260,3
P-21-40,"152, 1260, 4",152,1260,4
P-22-11,"168, 1318, 1",168,1318,1
P-22-12,"152, 1318, 1",152,1318,1
P-22-13,"136, 1318, 1",136,1318,1
P-22-21,"168, 1318, 2",168,1318,2
P-22-22,"152, 1318, 2",152,1318,2
P-22-23,"136, 1318, 2",136,1318,2
P-22-30,"152, 1318, 3",152,1318,3
P-22-40,"152, 1318, 4",152,1318,4
P-23-11,"118, 1260, 1",118,1260,1
P-23-12,"102, 1260, 1",102,1260,1
P-23-13,"86, 1260, 1",86,1260,1
P-23-21,"118, 1260, 2",118,1260,2
P-23-22,"102, 1260, 2",102,1260,2
P-23-23,"86, 1260, 2",86,1260,2
P-23-30,"102, 1260, 3",102,1260,3
P-23-40,"102, 1260, 4",102,1260,4
P-24-11,"118, 1318, 1",118,1318,1
P-24-12,"102, 1318, 1",102,1318,1
P-24-13,"86, 1318, 1",86,1318,1
P-24-21,"118, 1318, 2",118,1318,2
P-24-22,"102, 1318, 2",102,1318,2
P-24-23,"86, 1318, 2",86,1318,2
P-24-30,"102, 1318, 3",102,1318,3
P-24-40,"102, 1318, 4",102,1318,4
Q-01-11,"666, 1440, 1",666,1440,1
Q-01-12,"650, 1440, 1",650,1440,1
Q-01-13,"634, 1440, 1",634,1440,1
Q-01-21,"666, 1440, 2",666,1440,2
Q-01-22,"650, 1440, 2",650,1440,2
Q-01-23,"634, 1440, 2",634,1440,2
Q-01-30,"650, 1440, 3",650,1440,3
Q-01-40,"650, 1440, 4",650,1440,4
Q-03-11,"616, 1440, 1",616,1440,1
Q-03-12,"600, 1440, 1",600,1440,1
Q-03-13,"584, 1440, 1",584,1440,1
Q-03-21,"616, 1440, 2",616,1440,2
Q-03-22,"600, 1440, 2",600,1440,2
Q-03-23,"584, 1440, 2",584,1440,2
Q-03-30,"600, 1440, 3",600,1440,3
Q-03-40,"600, 1440, 4",600,1440,4
Q-05-11,"566, 1440, 1",566,1440,1
Q-05-12,"550, 1440, 1",550,1440,1
Q-05-13,"534, 1440, 1",534,1440,1
Q-05-21,"566, 1440, 2",566,1440,2
Q-05-22,"550, 1440, 2",550,1440,2
Q-05-23,"534, 1440, 2",534,1440,2
Q-05-30,"550, 1440, 3",550,1440,3
Q-05-40,"550, 1440, 4",550,1440,4
Q-07-11,"516, 1440, 1",516,1440,1
Q-07-12,"500, 1440, 1",500,1440,1
Q-07-13,"484, 1440, 1",484,1440,1
Q-07-21,"516, 1440, 2",516,1440,2
Q-07-22,"500, 1440, 2",500,1440,2
Q-07-23,"484, 1440, 2",484,1440,2
Q-07-30,"500, 1440, 3",500,1440,3
Q-07-40,"500, 1440, 4",500,1440,4
Q-09-11,"466, 1440, 1",466,1440,1
Q-09-12,"450, 1440, 1",450,1440,1
Q-09-13,"434, 1440, 1",434,1440,1
Q-09-21,"466, 1440, 2",466,1440,2
Q-09-22,"450, 1440, 2",450,1440,2
Q-09-23,"434, 1440, 2",434,1440,2
Q-09-30,"450, 1440, 3",450,1440,3
Q-09-40,"450, 1440, 4",450,1440,4
Q-13-11,"368, 1350, 1",368,1350,1
Q-13-12,"352, 1350, 1",352,1350,1
Q-13-13,"336, 1350, 1",336,1350,1
Q-13-21,"368, 1350, 2",368,1350,2
Q-13-22,"352, 1350, 2",352,1350,2
Q-13-23,"336, 1350, 2",336,1350,2
Q-13-30,"352, 1350, 3",352,1350,3
Q-13-40,"352, 1350, 4",352,1350,4
Q-14-11,"368, 1408, 1",368,1408,1
Q-14-12,"352, 1408, 1",352,1408,1
Q-14-13,"336, 1408, 1",336,1408,1
Q-14-21,"368, 1408, 2",368,1408,2
Q-14-22,"352, 1408, 2",352,1408,2
Q-14-23,"336, 1408, 2",336,1408,2
Q-14-30,"352, 1408, 3",352,1408,3
Q-14-40,"352, 1408, 4",352,1408,4
Q-15-11,"318, 1350, 1",318,1350,1
Q-15-12,"302, 1350, 1",302,1350,1
Q-15-13,"286, 1350, 1",286,1350,1
Q-15-21,"318, 1350, 2",318,1350,2
Q-15-22,"302, 1350, 2",302,1350,2
Q-15-23,"286, 1350, 2",286,1350,2
Q-15-30,"302, 1350, 3",302,1350,3
Q-15-40,"302, 1350, 4",302,1350,4
Q-16-11,"318, 1408, 1",318,1408,1
Q-16-12,"302, 1408, 1",302,1408,1
Q-16-13,"286, 1408, 1",286,1408,1
Q-16-21,"318, 1408, 2",318,1408,2
Q-16-22,"302, 1408, 2",302,1408,2
Q-16-23,"286, 1408, 2",286,1408,2
Q-16-30,"302, 1408, 3",302,1408,3
Q-16-40,"302, 1408, 4",302,1408,4
Q-17-11,"268, 1350, 1",268,1350,1
Q-17-12,"252, 1350, 1",252,1350,1
Q-17-13,"236, 1350, 1",236,1350,1
Q-17-21,"268, 1350, 2",268,1350,2
Q-17-22,"252, 1350, 2",252,1350,2
Q-17-23,"236, 1350, 2",236,1350,2
Q-17-30,"252, 1350, 3",252,1350,3
Q-17-40,"252, 1350, 4",252,1350,4
Q-18-11,"268, 1408, 1",268,1408,1
Q-18-12,"252, 1408, 1",252,1408,1
Q-18-13,"236, 1408, 1",236,1408,1
Q-18-21,"268, 1408, 2",268,1408,2
Q-18-22,"252, 1408, 2",252,1408,2
Q-18-23,"236, 1408, 2",236,1408,2
Q-18-30,"252, 1408, 3",252,1408,3
Q-18-40,"252, 1408, 4",252,1408,4
Q-19-11,"218, 1350, 1",218,1350,1
Q-19-12,"202, 1350, 1",202,1350,1
Q-19-13,"186, 1350, 1",186,1350,1
Q-19-21,"218, 1350, 2",218,1350,2
Q-19-22,"202, 1350, 2",202,1350,2
Q-19-23,"186, 1350, 2",186,1350,2
Q-19-30,"202, 1350, 3",202,1350,3
Q-19-40,"202, 1350, 4",202,1350,4
Q-20-11,"218, 1408, 1",218,1408,1
Q-20-12,"202, 1408, 1",202,1408,1
Q-20-13,"186, 1408, 1",186,1408,1
Q-20-21,"218, 1408, 2",218,1408,2
Q-20-22,"202, 1408, 2",202,1408,2
Q-20-23,"186, 1408, 2",186,1408,2
Q-20-30,"202, 1408, 3",202,1408,3
Q-20-40,"202, 1408, 4",202,1408,4
Q-21-11,"168, 1350, 1",168,1350,1
Q-21-12,"152, 1350, 1",152,1350,1
Q-21-13,"136, 1350, 1",136,1350,1
Q-21-21,"168, 1350, 2",168,1350,2
Q-21-22,"152, 1350, 2",152,1350,2
Q-21-23,"136, 1350, 2",136,1350,2
Q-21-30,"152, 1350, 3",152,1350,3
Q-21-40,"152, 1350, 4",152,1350,4
Q-22-11,"168, 1408, 1",168,1408,1
Q-22-12,"152, 1408, 1",152,1408,1
Q-22-13,"136, 1408, 1",136,1408,1
Q-22-21,"168, 1408, 2",168,1408,2
Q-22-22,"152, 1408, 2",152,1408,2
Q-22-23,"136, 1408, 2",136,1408,2
Q-22-30,"152, 1408, 3",152,1408,3
Q-22-40,"152, 1408, 4",152,1408,4
Q-23-11,"118, 1350, 1",118,1350,1
Q-23-12,"102, 1350, 1",102,1350,1
Q-23-13,"86, 1350, 1",86,1350,1
Q-23-21,"118, 1350, 2",118,1350,2
Q-23-22,"102, 1350, 2",102,1350,2
Q-23-23,"86, 1350, 2",86,1350,2
Q-23-30,"102, 1350, 3",102,1350,3
Q-23-40,"102, 1350, 4",102,1350,4
Q-24-11,"118, 1408, 1",118,1408,1
Q-24-12,"102, 1408, 1",102,1408,1
Q-24-13,"86, 1408, 1",86,1408,1
Q-24-21,"118, 1408, 2",118,1408,2
Q-24-22,"102, 1408, 2",102,1408,2
Q-24-23,"86, 1408, 2",86,1408,2
Q-24-30,"102, 1408, 3",102,1408,3
Q-24-40,"102, 1408, 4",102,1408,4
R-13-11,"368, 1440, 1",368,1440,1
R-13-12,"352, 1440, 1",352,1440,1
R-13-13,"336, 1440, 1",336,1440,1
R-13-21,"368, 1440, 2",368,1440,2
R-13-22,"352, 1440, 2",352,1440,2
R-13-23,"336, 1440, 2",336,1440,2
R-13-30,"352, 1440, 3",352,1440,3
R-13-40,"352, 1440, 4",352,1440,4
R-15-11,"318, 1440, 1",318,1440,1
R-15-12,"302, 1440, 1",302,1440,1
R-15-13,"286, 1440, 1",286,1440,1
R-15-21,"318, 1440, 2",318,1440,2
R-15-22,"302, 1440, 2",302,1440,2
R-15-23,"286, 1440, 2",286,1440,2
R-15-30,"302, 1440, 3",302,1440,3
R-15-40,"302, 1440, 4",302,1440,4
R-17-11,"268, 1440, 1",268,1440,1
R-17-12,"252, 1440, 1",252,1440,1
R-17-13,"236, 1440, 1",236,1440,1
R-17-21,"268, 1440, 2",268,1440,2
R-17-22,"252, 1440, 2",252,1440,2
R-17-23,"236, 1440, 2",236,1440,2
R-17-30,"252, 1440, 3",252,1440,3
R-17-40,"252, 1440, 4",252,1440,4
R-19-11,"218, 1440, 1",218,1440,1
R-19-12,"202, 1440, 1",202,1440,1
R-19-13,"186, 1440, 1",186,1440,1
R-19-21,"218, 1440, 2",218,1440,2
R-19-22,"202, 1440, 2",202,1440,2
R-19-23,"186, 1440, 2",186,1440,2
R-19-30,"202, 1440, 3",202,1440,3
R-19-40,"202, 1440, 4",202,1440,4
R-21-11,"168, 1440, 1",168,1440,1
R-21-12,"152, 1440, 1",152,1440,1
R-21-13,"136, 1440, 1",136,1440,1
R-21-21,"168, 1440, 2",168,1440,2
R-21-22,"152, 1440, 2",152,1440,2
R-21-23,"136, 1440, 2",136,1440,2
R-21-30,"152, 1440, 3",152,1440,3
R-21-40,"152, 1440, 4",152,1440,4
R-23-11,"118, 1440, 1",118,1440,1
R-23-12,"102, 1440, 1",102,1440,1
R-23-13,"86, 1440, 1",86,1440,1
R-23-21,"118, 1440, 2",118,1440,2
R-23-22,"102, 1440, 2",102,1440,2
R-23-23,"86, 1440, 2",86,1440,2
R-23-30,"102, 1440, 3",102,1440,3
R-23-40,"102, 1440, 4",102,1440,4
K-25-30,"403, 868, 3",403,868,3
K-25-40,"403, 868, 4",403,868,4
K-26-30,"403, 900, 3",403,900,3
K-26-40,"403, 900, 4",403,900,4
L-25-30,"403, 958, 3",403,958,3
L-25-40,"403, 958, 4",403,958,4
L-26-30,"403, 990, 3",403,990,3
L-26-40,"403, 990, 4",403,990,4
M-25-30,"403, 1048, 3",403,1048,3
M-25-40,"403, 1048, 4",403,1048,4
M-26-30,"403, 1080, 3",403,1080,3
M-26-40,"403, 1080, 4",403,1080,4
N-25-30,"403, 1138, 3",403,1138,3
N-25-40,"403, 1138, 4",403,1138,4
N-26-30,"403, 1170, 3",403,1170,3
N-26-40,"403, 1170, 4",403,1170,4
O-25-30,"403, 1228, 3",403,1228,3
O-25-40,"403, 1228, 4",403,1228,4
O-26-30,"403, 1260, 3",403,1260,3
O-26-40,"403, 1260, 4",403,1260,4
P-25-30,"403, 1318, 3",403,1318,3
P-25-40,"403, 1318, 4",403,1318,4
P-26-30,"403, 1350, 3",403,1350,3
P-26-40,"403, 1350, 4",403,1350,4
Q-25-30,"403, 1408, 3",403,1408,3
Q-25-40,"403, 1408, 4",403,1408,4
Q-26-30,"403, 1440, 3",403,1440,3
Q-26-40,"403, 1440, 4",403,1440,4
